case,scale,repeat,nproc,omp,wall_s,rank_count,class_name,timer,calls_max,rank_avg_s,rank_min_s,rank_max_s,wait_proxy_avg_s,wait_proxy_max_s,rank_avg_per_call_s,rank_max_per_call_s
nacl_small_rep01_np1_omp1,small,01,1,1,3.64,1,PW_Basis_K,gatherp_scatters,858,0.002642,0.002642,0.002642,0.0,0.0,3.079254079254079e-06,3.079254079254079e-06
nacl_small_rep01_np1_omp1,small,01,1,1,3.64,1,PW_Basis_K,gathers_scatterp,1002,0.00614,0.00614,0.00614,0.0,0.0,6.127744510978043e-06,6.127744510978043e-06
nacl_small_rep01_np1_omp1,small,01,1,1,3.64,1,PW_Basis_Sup,gatherp_scatters,65,0.004147,0.004147,0.004147,0.0,0.0,6.379999999999999e-05,6.379999999999999e-05
nacl_small_rep01_np1_omp1,small,01,1,1,3.64,1,PW_Basis_Sup,gathers_scatterp,49,0.004907,0.004907,0.004907,0.0,0.0,0.00010014285714285714,0.00010014285714285714
nacl_small_rep01_np2_omp1,small,01,2,1,2.77,2,PW_Basis_K,gatherp_alltoallv,858,0.0058154999999999995,0.004324,0.007307,0.0014914999999999998,0.0029830000000000004,6.7779720279720275e-06,8.516317016317016e-06
nacl_small_rep01_np2_omp1,small,01,2,1,2.77,2,PW_Basis_K,gatherp_pack,858,0.0013135,0.001286,0.001341,2.7499999999999964e-05,5.499999999999993e-05,1.5308857808857808e-06,1.5629370629370629e-06
nacl_small_rep01_np2_omp1,small,01,2,1,2.77,2,PW_Basis_K,gatherp_scatters,858,0.009735,0.008257,0.011213,0.0014780000000000001,0.0029560000000000003,1.1346153846153847e-05,1.306876456876457e-05
nacl_small_rep01_np2_omp1,small,01,2,1,2.77,2,PW_Basis_K,gatherp_unpack,858,0.002084,0.002062,0.002106,2.1999999999999884e-05,4.399999999999977e-05,2.428904428904429e-06,2.4545454545454544e-06
nacl_small_rep01_np2_omp1,small,01,2,1,2.77,2,PW_Basis_K,gathers_alltoallv,1002,0.004733,0.004309,0.005157,0.0004239999999999999,0.0008479999999999998,4.723552894211577e-06,5.146706586826348e-06
nacl_small_rep01_np2_omp1,small,01,2,1,2.77,2,PW_Basis_K,gathers_clear,1002,0.002842,0.002716,0.002968,0.0001259999999999998,0.00025200000000000005,2.836327345309381e-06,2.9620758483033933e-06
nacl_small_rep01_np2_omp1,small,01,2,1,2.77,2,PW_Basis_K,gathers_pack,1002,0.0014085,0.001377,0.00144,3.150000000000006e-05,6.300000000000012e-05,1.405688622754491e-06,1.4371257485029942e-06
nacl_small_rep01_np2_omp1,small,01,2,1,2.77,2,PW_Basis_K,gathers_scatterp,1002,0.011075,0.010831,0.011319,0.00024399999999999943,0.00048799999999999885,1.1052894211576845e-05,1.1296407185628742e-05
nacl_small_rep01_np2_omp1,small,01,2,1,2.77,2,PW_Basis_K,gathers_unpack,1002,0.0014135,0.0014,0.001427,1.3500000000000057e-05,2.7000000000000114e-05,1.4106786427145709e-06,1.4241516966067866e-06
nacl_small_rep01_np2_omp1,small,01,2,1,2.77,2,PW_Basis_Sup,gatherp_alltoallv,65,0.007506,0.002581,0.012431,0.004925,0.00985,0.00011547692307692308,0.00019124615384615384
nacl_small_rep01_np2_omp1,small,01,2,1,2.77,2,PW_Basis_Sup,gatherp_pack,65,0.002412,0.002285,0.002539,0.00012699999999999994,0.0002539999999999999,3.710769230769231e-05,3.9061538461538464e-05
nacl_small_rep01_np2_omp1,small,01,2,1,2.77,2,PW_Basis_Sup,gatherp_scatters,65,0.014482000000000002,0.009827,0.019137,0.004655000000000001,0.00931,0.00022280000000000002,0.00029441538461538465
nacl_small_rep01_np2_omp1,small,01,2,1,2.77,2,PW_Basis_Sup,gatherp_unpack,65,0.0045095,0.00437,0.004649,0.00013949999999999987,0.0002790000000000006,6.937692307692307e-05,7.152307692307693e-05
nacl_small_rep01_np2_omp1,small,01,2,1,2.77,2,PW_Basis_Sup,gathers_alltoallv,49,0.0085325,0.002383,0.014682,0.0061495000000000005,0.012299000000000001,0.0001741326530612245,0.0002996326530612245
nacl_small_rep01_np2_omp1,small,01,2,1,2.77,2,PW_Basis_Sup,gathers_clear,49,0.0017715,0.001727,0.001816,4.450000000000005e-05,8.899999999999989e-05,3.61530612244898e-05,3.7061224489795917e-05
nacl_small_rep01_np2_omp1,small,01,2,1,2.77,2,PW_Basis_Sup,gathers_pack,49,0.002039,0.002023,0.002055,1.5999999999999955e-05,3.199999999999991e-05,4.1612244897959185e-05,4.193877551020408e-05
nacl_small_rep01_np2_omp1,small,01,2,1,2.77,2,PW_Basis_Sup,gathers_scatterp,49,0.014068,0.008051,0.020085,0.006017,0.012033999999999998,0.0002871020408163265,0.00040989795918367346
nacl_small_rep01_np2_omp1,small,01,2,1,2.77,2,PW_Basis_Sup,gathers_unpack,49,0.0016749999999999998,0.001607,0.001743,6.799999999999992e-05,0.00013600000000000005,3.4183673469387755e-05,3.557142857142857e-05
nacl_small_rep01_np4_omp1,small,01,4,1,2.26,4,PW_Basis_K,gatherp_alltoallv,858,0.009773,0.009283,0.010144,0.0004900000000000009,0.0008610000000000007,1.1390442890442891e-05,1.1822843822843823e-05
nacl_small_rep01_np4_omp1,small,01,4,1,2.26,4,PW_Basis_K,gatherp_pack,858,0.0007855000000000001,0.000775,0.000806,1.0500000000000093e-05,3.0999999999999995e-05,9.155011655011656e-07,9.393939393939393e-07
nacl_small_rep01_np4_omp1,small,01,4,1,2.26,4,PW_Basis_K,gatherp_scatters,858,0.01187275,0.011366,0.012209,0.0005067500000000003,0.000843,1.3837703962703963e-05,1.4229603729603728e-05
nacl_small_rep01_np4_omp1,small,01,4,1,2.26,4,PW_Basis_K,gatherp_unpack,858,0.00081675,0.000796,0.000866,2.0749999999999935e-05,6.999999999999997e-05,9.519230769230769e-07,1.0093240093240093e-06
nacl_small_rep01_np4_omp1,small,01,4,1,2.26,4,PW_Basis_K,gathers_alltoallv,1002,0.0109395,0.010907,0.010969,3.249999999999954e-05,6.199999999999956e-05,1.0917664670658682e-05,1.0947105788423154e-05
nacl_small_rep01_np4_omp1,small,01,4,1,2.26,4,PW_Basis_K,gathers_clear,1002,0.00110075,0.001051,0.001165,4.974999999999988e-05,0.00011399999999999995,1.0985528942115767e-06,1.1626746506986028e-06
nacl_small_rep01_np4_omp1,small,01,4,1,2.26,4,PW_Basis_K,gathers_pack,1002,0.0009195,0.000898,0.000936,2.1499999999999926e-05,3.799999999999995e-05,9.176646706586825e-07,9.341317365269461e-07
nacl_small_rep01_np4_omp1,small,01,4,1,2.26,4,PW_Basis_K,gathers_scatterp,1002,0.01456475,0.014468,0.01471,9.674999999999961e-05,0.0002420000000000009,1.453567864271457e-05,1.4680638722554891e-05
nacl_small_rep01_np4_omp1,small,01,4,1,2.26,4,PW_Basis_K,gathers_unpack,1002,0.00093625,0.000914,0.000978,2.2250000000000026e-05,6.399999999999993e-05,9.343812375249501e-07,9.760479041916166e-07
nacl_small_rep01_np4_omp1,small,01,4,1,2.26,4,PW_Basis_Sup,gatherp_alltoallv,65,0.010813,0.007315,0.01233,0.0034979999999999994,0.005015,0.00016635384615384615,0.0001896923076923077
nacl_small_rep01_np4_omp1,small,01,4,1,2.26,4,PW_Basis_Sup,gatherp_pack,65,0.00101175,0.000933,0.001204,7.875000000000004e-05,0.000271,1.5565384615384616e-05,1.8523076923076922e-05
nacl_small_rep01_np4_omp1,small,01,4,1,2.26,4,PW_Basis_Sup,gatherp_scatters,65,0.0189435,0.015533,0.020347,0.0034104999999999986,0.004814000000000001,0.0002914384615384615,0.00031303076923076925
nacl_small_rep01_np4_omp1,small,01,4,1,2.26,4,PW_Basis_Sup,gatherp_unpack,65,0.007074,0.006967,0.007209,0.00010700000000000032,0.00024200000000000003,0.00010883076923076924,0.00011090769230769231
nacl_small_rep01_np4_omp1,small,01,4,1,2.26,4,PW_Basis_Sup,gathers_alltoallv,49,0.0069045,0.005307,0.00775,0.0015975,0.002443,0.00014090816326530611,0.00015816326530612246
nacl_small_rep01_np4_omp1,small,01,4,1,2.26,4,PW_Basis_Sup,gathers_clear,49,0.00237125,0.0023,0.002413,7.125000000000013e-05,0.00011300000000000025,4.8392857142857146e-05,4.924489795918368e-05
nacl_small_rep01_np4_omp1,small,01,4,1,2.26,4,PW_Basis_Sup,gathers_pack,49,0.000812,0.000768,0.000906,4.3999999999999985e-05,0.000138,1.657142857142857e-05,1.8489795918367348e-05
nacl_small_rep01_np4_omp1,small,01,4,1,2.26,4,PW_Basis_Sup,gathers_scatterp,49,0.010738250000000001,0.009318,0.011553,0.0014202500000000014,0.002235000000000001,0.0002191479591836735,0.00023577551020408165
nacl_small_rep01_np4_omp1,small,01,4,1,2.26,4,PW_Basis_Sup,gathers_unpack,49,0.00061075,0.000596,0.000651,1.4750000000000006e-05,5.5000000000000036e-05,1.2464285714285714e-05,1.3285714285714285e-05
nacl_small_rep01_np8_omp1,small,01,8,1,2.07,8,PW_Basis_K,gatherp_alltoallv,858,0.018278375000000003,0.017831,0.018661,0.0004473750000000033,0.0008300000000000009,2.1303467365967368e-05,2.174941724941725e-05
nacl_small_rep01_np8_omp1,small,01,8,1,2.07,8,PW_Basis_K,gatherp_pack,858,0.0005737499999999999,0.00056,0.000588,1.3749999999999982e-05,2.800000000000003e-05,6.687062937062937e-07,6.853146853146853e-07
nacl_small_rep01_np8_omp1,small,01,8,1,2.07,8,PW_Basis_K,gatherp_scatters,858,0.020044625,0.019618,0.020417,0.0004266249999999999,0.0007990000000000011,2.33620337995338e-05,2.37960372960373e-05
nacl_small_rep01_np8_omp1,small,01,8,1,2.07,8,PW_Basis_K,gatherp_unpack,858,0.000693875,0.000675,0.000711,1.887500000000001e-05,3.600000000000001e-05,8.087121212121213e-07,8.286713286713287e-07
nacl_small_rep01_np8_omp1,small,01,8,1,2.07,8,PW_Basis_K,gathers_alltoallv,1002,0.019909875,0.019754,0.020098,0.00015587499999999976,0.00034400000000000056,1.987013473053892e-05,2.0057884231536926e-05
nacl_small_rep01_np8_omp1,small,01,8,1,2.07,8,PW_Basis_K,gathers_clear,1002,0.000771625,0.000757,0.000793,1.462499999999999e-05,3.600000000000001e-05,7.700848303393214e-07,7.914171656686627e-07
nacl_small_rep01_np8_omp1,small,01,8,1,2.07,8,PW_Basis_K,gathers_pack,1002,0.0007421250000000001,0.000724,0.000756,1.812500000000002e-05,3.200000000000002e-05,7.406437125748504e-07,7.544910179640719e-07
nacl_small_rep01_np8_omp1,small,01,8,1,2.07,8,PW_Basis_K,gathers_scatterp,1002,0.022784125,0.022666,0.022899,0.00011812500000000017,0.00023300000000000057,2.2738647704590816e-05,2.2853293413173654e-05
nacl_small_rep01_np8_omp1,small,01,8,1,2.07,8,PW_Basis_K,gathers_unpack,1002,0.0006896249999999999,0.00067,0.000726,1.9624999999999894e-05,5.599999999999995e-05,6.882485029940119e-07,7.245508982035928e-07
nacl_small_rep01_np8_omp1,small,01,8,1,2.07,8,PW_Basis_Sup,gatherp_alltoallv,65,0.010030875,0.008009,0.013742,0.0020218749999999994,0.005733,0.00015432115384615385,0.00021141538461538463
nacl_small_rep01_np8_omp1,small,01,8,1,2.07,8,PW_Basis_Sup,gatherp_pack,65,0.000509125,0.000414,0.000579,9.512500000000005e-05,0.000165,7.832692307692308e-06,8.907692307692307e-06
nacl_small_rep01_np8_omp1,small,01,8,1,2.07,8,PW_Basis_Sup,gatherp_scatters,65,0.015308374999999999,0.013503,0.018619,0.0018053749999999997,0.005116000000000001,0.00023551346153846152,0.00028644615384615385
nacl_small_rep01_np8_omp1,small,01,8,1,2.07,8,PW_Basis_Sup,gatherp_unpack,65,0.004725625000000001,0.004395,0.005093,0.00033062500000000106,0.0006980000000000007,7.270192307692309e-05,7.835384615384615e-05
nacl_small_rep01_np8_omp1,small,01,8,1,2.07,8,PW_Basis_Sup,gathers_alltoallv,49,0.007826625,0.007141,0.008285,0.0006856250000000005,0.001144000000000001,0.00015972704081632653,0.00016908163265306125
nacl_small_rep01_np8_omp1,small,01,8,1,2.07,8,PW_Basis_Sup,gathers_clear,49,0.0014727499999999999,0.001441,0.001523,3.174999999999988e-05,8.200000000000004e-05,3.005612244897959e-05,3.108163265306123e-05
nacl_small_rep01_np8_omp1,small,01,8,1,2.07,8,PW_Basis_Sup,gathers_pack,49,0.000399,0.000377,0.000434,2.1999999999999993e-05,5.6999999999999976e-05,8.142857142857143e-06,8.857142857142857e-06
nacl_small_rep01_np8_omp1,small,01,8,1,2.07,8,PW_Basis_Sup,gathers_scatterp,49,0.010068249999999999,0.009418,0.010457,0.0006502499999999998,0.001039,0.00020547448979591835,0.00021340816326530611
nacl_small_rep01_np8_omp1,small,01,8,1,2.07,8,PW_Basis_Sup,gathers_unpack,49,0.000331,0.000283,0.000384,4.800000000000003e-05,0.00010100000000000002,6.755102040816327e-06,7.836734693877551e-06
nacl_small_rep01_np4_omp2,small,01,4,2,2.32,4,PW_Basis_K,gatherp_alltoallv,858,0.01472025,0.011607,0.016509,0.0031132500000000014,0.004902,1.7156468531468532e-05,1.924125874125874e-05
nacl_small_rep01_np4_omp2,small,01,4,2,2.32,4,PW_Basis_K,gatherp_pack,858,0.00289125,0.002733,0.003184,0.00015824999999999997,0.000451,3.369755244755245e-06,3.7109557109557113e-06
nacl_small_rep01_np4_omp2,small,01,4,2,2.32,4,PW_Basis_K,gatherp_scatters,858,0.0216835,0.019297,0.023373,0.0023864999999999997,0.004076,2.5272144522144524e-05,2.7241258741258744e-05
nacl_small_rep01_np4_omp2,small,01,4,2,2.32,4,PW_Basis_K,gatherp_unpack,858,0.0034499999999999995,0.003159,0.003779,0.0002909999999999996,0.0006199999999999999,4.02097902097902e-06,4.404428904428904e-06
nacl_small_rep01_np4_omp2,small,01,4,2,2.32,4,PW_Basis_K,gathers_alltoallv,1002,0.014458,0.012922,0.014993,0.001536000000000001,0.002071,1.4429141716566867e-05,1.4963073852295409e-05
nacl_small_rep01_np4_omp2,small,01,4,2,2.32,4,PW_Basis_K,gathers_clear,1002,0.0043005000000000005,0.004093,0.004619,0.00020750000000000022,0.0005259999999999996,4.291916167664671e-06,4.609780439121756e-06
nacl_small_rep01_np4_omp2,small,01,4,2,2.32,4,PW_Basis_K,gathers_pack,1002,0.0029835,0.002718,0.003332,0.0002655000000000001,0.000614,2.977544910179641e-06,3.3253493013972057e-06
nacl_small_rep01_np4_omp2,small,01,4,2,2.32,4,PW_Basis_K,gathers_scatterp,1002,0.026000000000000002,0.025454,0.026301,0.0005460000000000013,0.0008470000000000005,2.5948103792415173e-05,2.6248502994011978e-05
nacl_small_rep01_np4_omp2,small,01,4,2,2.32,4,PW_Basis_K,gathers_unpack,1002,0.0033115,0.003061,0.003608,0.0002505000000000003,0.0005470000000000002,3.3048902195608786e-06,3.600798403193613e-06
nacl_small_rep01_np4_omp2,small,01,4,2,2.32,4,PW_Basis_Sup,gatherp_alltoallv,65,0.01184125,0.0101,0.013125,0.0017412499999999997,0.003025,0.00018217307692307692,0.00020192307692307691
nacl_small_rep01_np4_omp2,small,01,4,2,2.32,4,PW_Basis_Sup,gatherp_pack,65,0.0024785,0.002388,0.002656,9.049999999999987e-05,0.000268,3.813076923076923e-05,4.086153846153846e-05
nacl_small_rep01_np4_omp2,small,01,4,2,2.32,4,PW_Basis_Sup,gatherp_scatters,65,0.019631250000000003,0.018232,0.02096,0.0013992500000000012,0.002727999999999998,0.0003020192307692308,0.00032246153846153845
nacl_small_rep01_np4_omp2,small,01,4,2,2.32,4,PW_Basis_Sup,gatherp_unpack,65,0.00526275,0.005073,0.005425,0.00018974999999999981,0.0003519999999999999,8.096538461538462e-05,8.346153846153847e-05
nacl_small_rep01_np4_omp2,small,01,4,2,2.32,4,PW_Basis_Sup,gathers_alltoallv,49,0.01117925,0.008808,0.014173,0.00237125,0.005365,0.00022814795918367346,0.00028924489795918365
nacl_small_rep01_np4_omp2,small,01,4,2,2.32,4,PW_Basis_Sup,gathers_clear,49,0.0019184999999999998,0.001705,0.002169,0.00021349999999999993,0.000464,3.9153061224489795e-05,4.426530612244898e-05
nacl_small_rep01_np4_omp2,small,01,4,2,2.32,4,PW_Basis_Sup,gathers_pack,49,0.0020465,0.00195,0.002191,9.650000000000023e-05,0.0002409999999999999,4.176530612244898e-05,4.471428571428571e-05
nacl_small_rep01_np4_omp2,small,01,4,2,2.32,4,PW_Basis_Sup,gathers_scatterp,49,0.017246749999999998,0.014669,0.020132,0.0025777499999999984,0.005463000000000001,0.00035197448979591836,0.0004108571428571429
nacl_small_rep01_np4_omp2,small,01,4,2,2.32,4,PW_Basis_Sup,gathers_unpack,49,0.0020545,0.001985,0.002187,6.950000000000012e-05,0.00020200000000000036,4.192857142857143e-05,4.463265306122449e-05
nacl_small_rep01_np8_omp2,small,01,8,2,2.17,8,PW_Basis_K,gatherp_alltoallv,858,0.022656499999999996,0.021715,0.023616,0.0009414999999999944,0.001901,2.6406177156177153e-05,2.7524475524475525e-05
nacl_small_rep01_np8_omp2,small,01,8,2,2.17,8,PW_Basis_K,gatherp_pack,858,0.0022977500000000003,0.002194,0.002456,0.00010375000000000011,0.00026199999999999965,2.6780303030303034e-06,2.8624708624708623e-06
nacl_small_rep01_np8_omp2,small,01,8,2,2.17,8,PW_Basis_K,gatherp_scatters,858,0.0279965,0.02723,0.028786,0.0007664999999999998,0.0015559999999999984,3.262995337995338e-05,3.355011655011655e-05
nacl_small_rep01_np8_omp2,small,01,8,2,2.17,8,PW_Basis_K,gatherp_unpack,858,0.002340125,0.002052,0.002449,0.0002881250000000002,0.0003969999999999998,2.727418414918415e-06,2.854312354312354e-06
nacl_small_rep01_np8_omp2,small,01,8,2,2.17,8,PW_Basis_K,gathers_alltoallv,1002,0.022956,0.022116,0.024176,0.0008400000000000005,0.0020599999999999993,2.2910179640718563e-05,2.4127744510978043e-05
nacl_small_rep01_np8_omp2,small,01,8,2,2.17,8,PW_Basis_K,gathers_clear,1002,0.0031263750000000002,0.002997,0.003311,0.00012937500000000015,0.00031400000000000004,3.1201347305389226e-06,3.3043912175648705e-06
nacl_small_rep01_np8_omp2,small,01,8,2,2.17,8,PW_Basis_K,gathers_pack,1002,0.00253,0.002285,0.002677,0.000245,0.000392,2.5249500998003994e-06,2.6716566866267468e-06
nacl_small_rep01_np8_omp2,small,01,8,2,2.17,8,PW_Basis_K,gathers_scatterp,1002,0.032210125,0.031637,0.033042,0.0005731250000000007,0.0014050000000000035,3.214583333333333e-05,3.297604790419162e-05
nacl_small_rep01_np8_omp2,small,01,8,2,2.17,8,PW_Basis_K,gathers_unpack,1002,0.0027176249999999996,0.002598,0.002839,0.0001196249999999995,0.0002409999999999999,2.7122005988023946e-06,2.8333333333333335e-06
nacl_small_rep01_np8_omp2,small,01,8,2,2.17,8,PW_Basis_Sup,gatherp_alltoallv,65,0.010779375,0.00869,0.013497,0.002089375000000001,0.0048070000000000005,0.00016583653846153848,0.00020764615384615386
nacl_small_rep01_np8_omp2,small,01,8,2,2.17,8,PW_Basis_Sup,gatherp_pack,65,0.001475375,0.001303,0.001578,0.000172375,0.00027500000000000007,2.2698076923076922e-05,2.4276923076923078e-05
nacl_small_rep01_np8_omp2,small,01,8,2,2.17,8,PW_Basis_Sup,gatherp_scatters,65,0.0150705,0.013239,0.017629,0.0018314999999999998,0.004389999999999998,0.00023185384615384617,0.0002712153846153846
nacl_small_rep01_np8_omp2,small,01,8,2,2.17,8,PW_Basis_Sup,gatherp_unpack,65,0.0027645,0.002663,0.002966,0.00010150000000000003,0.0003029999999999999,4.253076923076923e-05,4.5630769230769226e-05
nacl_small_rep01_np8_omp2,small,01,8,2,2.17,8,PW_Basis_Sup,gathers_alltoallv,49,0.012775250000000002,0.00975,0.018137,0.003025250000000002,0.008387,0.0002607193877551021,0.00037014285714285713
nacl_small_rep01_np8_omp2,small,01,8,2,2.17,8,PW_Basis_Sup,gathers_clear,49,0.0012485,0.001161,0.001304,8.750000000000012e-05,0.00014300000000000011,2.5479591836734695e-05,2.6612244897959183e-05
nacl_small_rep01_np8_omp2,small,01,8,2,2.17,8,PW_Basis_Sup,gathers_pack,49,0.000956,0.000919,0.001024,3.700000000000003e-05,0.00010499999999999995,1.9510204081632654e-05,2.0897959183673467e-05
nacl_small_rep01_np8_omp2,small,01,8,2,2.17,8,PW_Basis_Sup,gathers_scatterp,49,0.016116375,0.013135,0.021509,0.002981374999999998,0.008374,0.00032890561224489795,0.0004389591836734694
nacl_small_rep01_np8_omp2,small,01,8,2,2.17,8,PW_Basis_Sup,gathers_unpack,49,0.001090625,0.000945,0.001204,0.00014562500000000003,0.000259,2.225765306122449e-05,2.4571428571428572e-05
nacl_small_rep02_np1_omp1,small,02,1,1,3.62,1,PW_Basis_K,gatherp_scatters,858,0.002675,0.002675,0.002675,0.0,0.0,3.1177156177156175e-06,3.1177156177156175e-06
nacl_small_rep02_np1_omp1,small,02,1,1,3.62,1,PW_Basis_K,gathers_scatterp,1002,0.006227,0.006227,0.006227,0.0,0.0,6.214570858283433e-06,6.214570858283433e-06
nacl_small_rep02_np1_omp1,small,02,1,1,3.62,1,PW_Basis_Sup,gatherp_scatters,65,0.004232,0.004232,0.004232,0.0,0.0,6.51076923076923e-05,6.51076923076923e-05
nacl_small_rep02_np1_omp1,small,02,1,1,3.62,1,PW_Basis_Sup,gathers_scatterp,49,0.005114,0.005114,0.005114,0.0,0.0,0.0001043673469387755,0.0001043673469387755
nacl_small_rep02_np2_omp1,small,02,2,1,2.69,2,PW_Basis_K,gatherp_alltoallv,858,0.0035845,0.003472,0.003697,0.00011250000000000019,0.00022500000000000037,4.177738927738928e-06,4.308857808857809e-06
nacl_small_rep02_np2_omp1,small,02,2,1,2.69,2,PW_Basis_K,gatherp_pack,858,0.001307,0.001289,0.001325,1.8000000000000004e-05,3.600000000000001e-05,1.5233100233100233e-06,1.5442890442890443e-06
nacl_small_rep02_np2_omp1,small,02,2,1,2.69,2,PW_Basis_K,gatherp_scatters,858,0.007449,0.007362,0.007536,8.700000000000027e-05,0.00017400000000000054,8.681818181818182e-06,8.783216783216783e-06
nacl_small_rep02_np2_omp1,small,02,2,1,2.69,2,PW_Basis_K,gatherp_unpack,858,0.0020395,0.002039,0.00204,5.000000000000664e-07,1.0000000000001327e-06,2.3770396270396273e-06,2.377622377622378e-06
nacl_small_rep02_np2_omp1,small,02,2,1,2.69,2,PW_Basis_K,gathers_alltoallv,1002,0.004312,0.004145,0.004479,0.00016699999999999961,0.0003340000000000001,4.303393213572854e-06,4.470059880239521e-06
nacl_small_rep02_np2_omp1,small,02,2,1,2.69,2,PW_Basis_K,gathers_clear,1002,0.0029035,0.002885,0.002922,1.8499999999999853e-05,3.700000000000014e-05,2.897704590818363e-06,2.916167664670659e-06
nacl_small_rep02_np2_omp1,small,02,2,1,2.69,2,PW_Basis_K,gathers_pack,1002,0.001469,0.001384,0.001554,8.5e-05,0.00017,1.466067864271457e-06,1.5508982035928144e-06
nacl_small_rep02_np2_omp1,small,02,2,1,2.69,2,PW_Basis_K,gathers_scatterp,1002,0.010744,0.010685,0.010803,5.9000000000000025e-05,0.00011800000000000005,1.0722554890219561e-05,1.0781437125748503e-05
nacl_small_rep02_np2_omp1,small,02,2,1,2.69,2,PW_Basis_K,gathers_unpack,1002,0.0013885,0.001386,0.001391,2.499999999999898e-06,5.000000000000013e-06,1.3857285429141717e-06,1.3882235528942116e-06
nacl_small_rep02_np2_omp1,small,02,2,1,2.69,2,PW_Basis_Sup,gatherp_alltoallv,65,0.0054215,0.00271,0.008133,0.0027115,0.005422999999999999,8.34076923076923e-05,0.00012512307692307692
nacl_small_rep02_np2_omp1,small,02,2,1,2.69,2,PW_Basis_Sup,gatherp_pack,65,0.002418,0.002348,0.002488,7.000000000000018e-05,0.00014000000000000037,3.72e-05,3.827692307692308e-05
nacl_small_rep02_np2_omp1,small,02,2,1,2.69,2,PW_Basis_Sup,gatherp_scatters,65,0.0121945,0.009551,0.014838,0.0026435,0.005287,0.0001876076923076923,0.00022827692307692308
nacl_small_rep02_np2_omp1,small,02,2,1,2.69,2,PW_Basis_Sup,gatherp_unpack,65,0.0043,0.004298,0.004302,2.0000000000002655e-06,4.000000000000531e-06,6.615384615384616e-05,6.618461538461539e-05
nacl_small_rep02_np2_omp1,small,02,2,1,2.69,2,PW_Basis_Sup,gathers_alltoallv,49,0.0041625,0.002501,0.005824,0.0016615000000000002,0.003323,8.494897959183674e-05,0.00011885714285714287
nacl_small_rep02_np2_omp1,small,02,2,1,2.69,2,PW_Basis_Sup,gathers_clear,49,0.0017295000000000001,0.001721,0.001738,8.500000000000044e-06,1.699999999999987e-05,3.529591836734694e-05,3.546938775510204e-05
nacl_small_rep02_np2_omp1,small,02,2,1,2.69,2,PW_Basis_Sup,gathers_pack,49,0.0020340000000000002,0.002023,0.002045,1.1000000000000159e-05,2.1999999999999884e-05,4.151020408163266e-05,4.173469387755102e-05
nacl_small_rep02_np2_omp1,small,02,2,1,2.69,2,PW_Basis_Sup,gathers_scatterp,49,0.009611999999999999,0.007991,0.011233,0.0016209999999999992,0.003242,0.00019616326530612243,0.00022924489795918368
nacl_small_rep02_np2_omp1,small,02,2,1,2.69,2,PW_Basis_Sup,gathers_unpack,49,0.0016359999999999999,0.001596,0.001676,3.999999999999989e-05,7.999999999999999e-05,3.3387755102040815e-05,3.4204081632653064e-05
nacl_small_rep02_np4_omp1,small,02,4,1,2.25,4,PW_Basis_K,gatherp_alltoallv,858,0.009721500000000001,0.009507,0.009959,0.00021450000000000115,0.000452000000000001,1.1330419580419582e-05,1.1607226107226108e-05
nacl_small_rep02_np4_omp1,small,02,4,1,2.25,4,PW_Basis_K,gatherp_pack,858,0.0008017499999999999,0.000791,0.000812,1.0749999999999909e-05,2.099999999999997e-05,9.344405594405594e-07,9.463869463869464e-07
nacl_small_rep02_np4_omp1,small,02,4,1,2.25,4,PW_Basis_K,gatherp_scatters,858,0.011836,0.011636,0.012035,0.0001999999999999988,0.00039900000000000005,1.3794871794871794e-05,1.4026806526806528e-05
nacl_small_rep02_np4_omp1,small,02,4,1,2.25,4,PW_Basis_K,gatherp_unpack,858,0.0008135,0.000792,0.000828,2.1500000000000035e-05,3.600000000000001e-05,9.481351981351981e-07,9.65034965034965e-07
nacl_small_rep02_np4_omp1,small,02,4,1,2.25,4,PW_Basis_K,gathers_alltoallv,1002,0.01076525,0.010638,0.010879,0.00012725000000000063,0.0002409999999999999,1.07437624750499e-05,1.0857285429141717e-05
nacl_small_rep02_np4_omp1,small,02,4,1,2.25,4,PW_Basis_K,gathers_clear,1002,0.00109925,0.001082,0.00111,1.7249999999999904e-05,2.800000000000003e-05,1.0970558882235529e-06,1.1077844311377246e-06
nacl_small_rep02_np4_omp1,small,02,4,1,2.25,4,PW_Basis_K,gathers_pack,1002,0.0009507499999999999,0.000914,0.001001,3.674999999999989e-05,8.699999999999995e-05,9.488522954091815e-07,9.99001996007984e-07
nacl_small_rep02_np4_omp1,small,02,4,1,2.25,4,PW_Basis_K,gathers_scatterp,1002,0.01443175,0.014311,0.014535,0.00012074999999999933,0.0002239999999999985,1.4402944111776447e-05,1.4505988023952095e-05
nacl_small_rep02_np4_omp1,small,02,4,1,2.25,4,PW_Basis_K,gathers_unpack,1002,0.00094625,0.000924,0.000978,2.2250000000000026e-05,5.39999999999999e-05,9.443612774451098e-07,9.760479041916166e-07
nacl_small_rep02_np4_omp1,small,02,4,1,2.25,4,PW_Basis_Sup,gatherp_alltoallv,65,0.01108,0.007411,0.013081,0.0036689999999999995,0.0056700000000000006,0.00017046153846153847,0.00020124615384615387
nacl_small_rep02_np4_omp1,small,02,4,1,2.25,4,PW_Basis_Sup,gatherp_pack,65,0.00101425,0.000907,0.001252,0.00010724999999999992,0.00034500000000000004,1.5603846153846154e-05,1.9261538461538464e-05
nacl_small_rep02_np4_omp1,small,02,4,1,2.25,4,PW_Basis_Sup,gatherp_scatters,65,0.01916375,0.015738,0.021032,0.0034257500000000017,0.005294,0.0002948269230769231,0.00032356923076923077
nacl_small_rep02_np4_omp1,small,02,4,1,2.25,4,PW_Basis_Sup,gatherp_unpack,65,0.007025,0.006973,0.007098,5.199999999999996e-05,0.0001250000000000001,0.00010807692307692307,0.0001092
nacl_small_rep02_np4_omp1,small,02,4,1,2.25,4,PW_Basis_Sup,gathers_alltoallv,49,0.007267,0.006657,0.008265,0.0006100000000000003,0.001608,0.0001483061224489796,0.0001686734693877551
nacl_small_rep02_np4_omp1,small,02,4,1,2.25,4,PW_Basis_Sup,gathers_clear,49,0.0024567499999999997,0.002325,0.002626,0.00013174999999999992,0.00030100000000000005,5.013775510204081e-05,5.359183673469388e-05
nacl_small_rep02_np4_omp1,small,02,4,1,2.25,4,PW_Basis_Sup,gathers_pack,49,0.000791,0.000781,0.000802,1.0000000000000026e-05,2.099999999999997e-05,1.6142857142857145e-05,1.636734693877551e-05
nacl_small_rep02_np4_omp1,small,02,4,1,2.25,4,PW_Basis_Sup,gathers_scatterp,49,0.011169000000000002,0.010771,0.012026,0.0003980000000000025,0.001255000000000001,0.0002279387755102041,0.0002454285714285714
nacl_small_rep02_np4_omp1,small,02,4,1,2.25,4,PW_Basis_Sup,gathers_unpack,49,0.0006129999999999999,0.000588,0.000645,2.4999999999999957e-05,5.6999999999999976e-05,1.2510204081632651e-05,1.3163265306122448e-05
nacl_small_rep02_np8_omp1,small,02,8,1,2.08,8,PW_Basis_K,gatherp_alltoallv,858,0.016997125000000002,0.016871,0.017175,0.00012612500000000124,0.0003039999999999987,1.9810168997669e-05,2.0017482517482518e-05
nacl_small_rep02_np8_omp1,small,02,8,1,2.08,8,PW_Basis_K,gatherp_pack,858,0.000572,0.000564,0.000584,7.999999999999978e-06,1.9999999999999944e-05,6.666666666666667e-07,6.806526806526807e-07
nacl_small_rep02_np8_omp1,small,02,8,1,2.08,8,PW_Basis_K,gatherp_scatters,858,0.018757000000000003,0.01865,0.018902,0.00010700000000000293,0.00025199999999999875,2.1861305361305364e-05,2.203030303030303e-05
nacl_small_rep02_np8_omp1,small,02,8,1,2.08,8,PW_Basis_K,gatherp_unpack,858,0.0006875,0.000659,0.000709,2.8499999999999988e-05,5.000000000000002e-05,8.012820512820512e-07,8.263403263403263e-07
nacl_small_rep02_np8_omp1,small,02,8,1,2.08,8,PW_Basis_K,gathers_alltoallv,1002,0.019983375,0.019833,0.020108,0.0001503750000000012,0.00027500000000000094,1.9943488023952096e-05,2.0067864271457088e-05
nacl_small_rep02_np8_omp1,small,02,8,1,2.08,8,PW_Basis_K,gathers_clear,1002,0.0007666249999999999,0.000758,0.000779,8.624999999999952e-06,2.099999999999997e-05,7.650948103792414e-07,7.774451097804391e-07
nacl_small_rep02_np8_omp1,small,02,8,1,2.08,8,PW_Basis_K,gathers_pack,1002,0.0007303749999999999,0.000711,0.000749,1.937499999999986e-05,3.799999999999995e-05,7.289171656686626e-07,7.4750499001996e-07
nacl_small_rep02_np8_omp1,small,02,8,1,2.08,8,PW_Basis_K,gathers_scatterp,1002,0.022834,0.022678,0.022958,0.0001559999999999999,0.000279999999999999,2.2788423153692614e-05,2.2912175648702594e-05
nacl_small_rep02_np8_omp1,small,02,8,1,2.08,8,PW_Basis_K,gathers_unpack,1002,0.0006900000000000001,0.000672,0.000711,1.8000000000000112e-05,3.900000000000008e-05,6.88622754491018e-07,7.095808383233533e-07
nacl_small_rep02_np8_omp1,small,02,8,1,2.08,8,PW_Basis_Sup,gatherp_alltoallv,65,0.00980275,0.007253,0.013275,0.002549750000000001,0.0060220000000000004,0.00015081153846153848,0.00020423076923076924
nacl_small_rep02_np8_omp1,small,02,8,1,2.08,8,PW_Basis_Sup,gatherp_pack,65,0.000511125,0.00041,0.000588,0.00010112499999999998,0.000178,7.863461538461538e-06,9.046153846153845e-06
nacl_small_rep02_np8_omp1,small,02,8,1,2.08,8,PW_Basis_Sup,gatherp_scatters,65,0.015117125000000002,0.012724,0.018238,0.002393125000000003,0.0055140000000000015,0.00023257115384615388,0.0002805846153846154
nacl_small_rep02_np8_omp1,small,02,8,1,2.08,8,PW_Basis_Sup,gatherp_unpack,65,0.004760499999999999,0.004505,0.00506,0.0002554999999999988,0.0005549999999999999,7.323846153846152e-05,7.784615384615385e-05
nacl_small_rep02_np8_omp1,small,02,8,1,2.08,8,PW_Basis_Sup,gathers_alltoallv,49,0.007263750000000001,0.006766,0.007835,0.0004977500000000008,0.0010689999999999996,0.00014823979591836736,0.00015989795918367348
nacl_small_rep02_np8_omp1,small,02,8,1,2.08,8,PW_Basis_Sup,gathers_clear,49,0.0015463750000000002,0.001501,0.001592,4.5375000000000276e-05,9.100000000000015e-05,3.155867346938776e-05,3.2489795918367346e-05
nacl_small_rep02_np8_omp1,small,02,8,1,2.08,8,PW_Basis_Sup,gathers_pack,49,0.00040425,0.000366,0.00045,3.824999999999998e-05,8.399999999999998e-05,8.249999999999999e-06,9.183673469387756e-06
nacl_small_rep02_np8_omp1,small,02,8,1,2.08,8,PW_Basis_Sup,gathers_scatterp,49,0.0095845,0.009144,0.010137,0.0004404999999999999,0.0009930000000000008,0.00019560204081632652,0.00020687755102040818
nacl_small_rep02_np8_omp1,small,02,8,1,2.08,8,PW_Basis_Sup,gathers_unpack,49,0.00033162500000000005,0.000301,0.00036,3.062500000000005e-05,5.9000000000000025e-05,6.767857142857144e-06,7.346938775510205e-06
nacl_small_rep02_np4_omp2,small,02,4,2,2.33,4,PW_Basis_K,gatherp_alltoallv,858,0.0117905,0.010977,0.01272,0.0008135,0.0017429999999999998,1.3741841491841492e-05,1.4825174825174825e-05
nacl_small_rep02_np4_omp2,small,02,4,2,2.33,4,PW_Basis_K,gatherp_pack,858,0.0030275,0.002753,0.003555,0.0002745,0.0008020000000000002,3.5285547785547783e-06,4.143356643356644e-06
nacl_small_rep02_np4_omp2,small,02,4,2,2.33,4,PW_Basis_K,gatherp_scatters,858,0.01885475,0.017773,0.020192,0.0010817499999999994,0.002419000000000001,2.19752331002331e-05,2.3533799533799535e-05
nacl_small_rep02_np4_omp2,small,02,4,2,2.33,4,PW_Basis_K,gatherp_unpack,858,0.003341,0.003245,0.003541,9.599999999999973e-05,0.0002959999999999998,3.893939393939394e-06,4.127039627039627e-06
nacl_small_rep02_np4_omp2,small,02,4,2,2.33,4,PW_Basis_K,gathers_alltoallv,1002,0.01194,0.011503,0.012402,0.0004369999999999999,0.0008990000000000005,1.1916167664670658e-05,1.2377245508982036e-05
nacl_small_rep02_np4_omp2,small,02,4,2,2.33,4,PW_Basis_K,gathers_clear,1002,0.004298000000000001,0.004107,0.004505,0.0001910000000000002,0.0003979999999999999,4.289421157684632e-06,4.4960079840319365e-06
nacl_small_rep02_np4_omp2,small,02,4,2,2.33,4,PW_Basis_K,gathers_pack,1002,0.002818,0.00273,0.00287,8.80000000000004e-05,0.00014000000000000037,2.8123752495009982e-06,2.8642714570858285e-06
nacl_small_rep02_np4_omp2,small,02,4,2,2.33,4,PW_Basis_K,gathers_scatterp,1002,0.02327625,0.023166,0.02349,0.00011024999999999924,0.00032400000000000137,2.3229790419161676e-05,2.344311377245509e-05
nacl_small_rep02_np4_omp2,small,02,4,2,2.33,4,PW_Basis_K,gathers_unpack,1002,0.0032835,0.003009,0.003686,0.0002745,0.0006770000000000001,3.2769461077844313e-06,3.6786427145708582e-06
nacl_small_rep02_np4_omp2,small,02,4,2,2.33,4,PW_Basis_Sup,gatherp_alltoallv,65,0.013532250000000001,0.009952,0.015203,0.00358025,0.005250999999999999,0.00020818846153846155,0.0002338923076923077
nacl_small_rep02_np4_omp2,small,02,4,2,2.33,4,PW_Basis_Sup,gatherp_pack,65,0.002523,0.002353,0.002909,0.00017,0.0005560000000000001,3.881538461538462e-05,4.475384615384616e-05
nacl_small_rep02_np4_omp2,small,02,4,2,2.33,4,PW_Basis_Sup,gatherp_scatters,65,0.021222249999999998,0.017764,0.022991,0.0034582499999999995,0.0052270000000000025,0.0003264961538461538,0.00035370769230769233
nacl_small_rep02_np4_omp2,small,02,4,2,2.33,4,PW_Basis_Sup,gatherp_unpack,65,0.0051175000000000005,0.004849,0.005389,0.0002685000000000005,0.0005399999999999997,7.873076923076924e-05,8.29076923076923e-05
nacl_small_rep02_np4_omp2,small,02,4,2,2.33,4,PW_Basis_Sup,gathers_alltoallv,49,0.010315000000000001,0.009253,0.011228,0.0010620000000000004,0.0019749999999999993,0.00021051020408163269,0.00022914285714285715
nacl_small_rep02_np4_omp2,small,02,4,2,2.33,4,PW_Basis_Sup,gathers_clear,49,0.002023,0.001881,0.002272,0.00014199999999999998,0.00039100000000000007,4.1285714285714284e-05,4.636734693877551e-05
nacl_small_rep02_np4_omp2,small,02,4,2,2.33,4,PW_Basis_Sup,gathers_pack,49,0.002005,0.001939,0.002095,6.599999999999987e-05,0.0001560000000000001,4.0918367346938774e-05,4.275510204081633e-05
nacl_small_rep02_np4_omp2,small,02,4,2,2.33,4,PW_Basis_Sup,gathers_scatterp,49,0.01647225,0.015798,0.017447,0.0006742500000000012,0.0016490000000000012,0.0003361683673469388,0.0003560612244897959
nacl_small_rep02_np4_omp2,small,02,4,2,2.33,4,PW_Basis_Sup,gathers_unpack,49,0.00208375,0.001961,0.002374,0.00012275000000000003,0.00041299999999999974,4.252551020408164e-05,4.844897959183673e-05
nacl_small_rep02_np8_omp2,small,02,8,2,2.13,8,PW_Basis_K,gatherp_alltoallv,858,0.024822125,0.020545,0.043961,0.004277125,0.023416,2.893021561771562e-05,5.1236596736596736e-05
nacl_small_rep02_np8_omp2,small,02,8,2,2.13,8,PW_Basis_K,gatherp_pack,858,0.0021453749999999997,0.000752,0.002484,0.0013933749999999996,0.001732,2.5004370629370626e-06,2.8951048951048954e-06
nacl_small_rep02_np8_omp2,small,02,8,2,2.13,8,PW_Basis_K,gatherp_scatters,858,0.029777500000000002,0.026018,0.04598,0.0037595000000000024,0.019962,3.470571095571096e-05,5.358974358974359e-05
nacl_small_rep02_np8_omp2,small,02,8,2,2.13,8,PW_Basis_K,gatherp_unpack,858,0.002148125,0.000772,0.002463,0.0013761249999999997,0.0016909999999999998,2.503642191142191e-06,2.8706293706293706e-06
nacl_small_rep02_np8_omp2,small,02,8,2,2.13,8,PW_Basis_K,gathers_alltoallv,1002,0.022678125,0.020656,0.031132,0.0020221249999999996,0.010476,2.2632859281437125e-05,3.106986027944112e-05
nacl_small_rep02_np8_omp2,small,02,8,2,2.13,8,PW_Basis_K,gathers_clear,1002,0.0027419999999999996,0.000933,0.00334,0.0018089999999999996,0.0024070000000000003,2.736526946107784e-06,3.3333333333333333e-06
nacl_small_rep02_np8_omp2,small,02,8,2,2.13,8,PW_Basis_K,gathers_pack,1002,0.002356875,0.000893,0.002753,0.001463875,0.0018599999999999997,2.3521706586826346e-06,2.74750499001996e-06
nacl_small_rep02_np8_omp2,small,02,8,2,2.13,8,PW_Basis_K,gathers_scatterp,1002,0.031199,0.030294,0.03445,0.0009049999999999996,0.004156,3.113672654690619e-05,3.43812375249501e-05
nacl_small_rep02_np8_omp2,small,02,8,2,2.13,8,PW_Basis_K,gathers_unpack,1002,0.0025425000000000005,0.000847,0.003171,0.0016955000000000004,0.002324,2.5374251497005993e-06,3.164670658682635e-06
nacl_small_rep02_np8_omp2,small,02,8,2,2.13,8,PW_Basis_Sup,gatherp_alltoallv,65,0.011882375,0.009518,0.018026,0.002364375,0.008508,0.00018280576923076925,0.0002773230769230769
nacl_small_rep02_np8_omp2,small,02,8,2,2.13,8,PW_Basis_Sup,gatherp_pack,65,0.0013961249999999998,0.000529,0.00158,0.0008671249999999998,0.001051,2.147884615384615e-05,2.4307692307692307e-05
nacl_small_rep02_np8_omp2,small,02,8,2,2.13,8,PW_Basis_Sup,gatherp_scatters,65,0.016146624999999998,0.01401,0.021214,0.002136624999999998,0.007204,0.00024840961538461534,0.0003263692307692308
nacl_small_rep02_np8_omp2,small,02,8,2,2.13,8,PW_Basis_Sup,gatherp_unpack,65,0.0028177500000000004,0.002618,0.002954,0.00019975000000000027,0.00033599999999999993,4.335e-05,4.5446153846153846e-05
nacl_small_rep02_np8_omp2,small,02,8,2,2.13,8,PW_Basis_Sup,gathers_alltoallv,49,0.0157795,0.011457,0.021156,0.004322499999999998,0.009699000000000001,0.0003220306122448979,0.00043175510204081636
nacl_small_rep02_np8_omp2,small,02,8,2,2.13,8,PW_Basis_Sup,gathers_clear,49,0.00133375,0.001287,0.001397,4.6750000000000133e-05,0.00011000000000000007,2.7219387755102042e-05,2.8510204081632652e-05
nacl_small_rep02_np8_omp2,small,02,8,2,2.13,8,PW_Basis_Sup,gathers_pack,49,0.000881625,0.000331,0.00102,0.000550625,0.000689,1.7992346938775512e-05,2.0816326530612247e-05
nacl_small_rep02_np8_omp2,small,02,8,2,2.13,8,PW_Basis_Sup,gathers_scatterp,49,0.019037250000000002,0.014939,0.023161,0.004098250000000003,0.008222000000000002,0.00038851530612244903,0.0004726734693877551
nacl_small_rep02_np8_omp2,small,02,8,2,2.13,8,PW_Basis_Sup,gathers_unpack,49,0.000995625,0.000305,0.001165,0.000690625,0.0008600000000000001,2.0318877551020408e-05,2.3775510204081632e-05
nacl_small_rep03_np1_omp1,small,03,1,1,3.64,1,PW_Basis_K,gatherp_scatters,858,0.002599,0.002599,0.002599,0.0,0.0,3.0291375291375294e-06,3.0291375291375294e-06
nacl_small_rep03_np1_omp1,small,03,1,1,3.64,1,PW_Basis_K,gathers_scatterp,1002,0.006044,0.006044,0.006044,0.0,0.0,6.031936127744511e-06,6.031936127744511e-06
nacl_small_rep03_np1_omp1,small,03,1,1,3.64,1,PW_Basis_Sup,gatherp_scatters,65,0.004265,0.004265,0.004265,0.0,0.0,6.561538461538461e-05,6.561538461538461e-05
nacl_small_rep03_np1_omp1,small,03,1,1,3.64,1,PW_Basis_Sup,gathers_scatterp,49,0.005106,0.005106,0.005106,0.0,0.0,0.00010420408163265306,0.00010420408163265306
nacl_small_rep03_np2_omp1,small,03,2,1,2.75,2,PW_Basis_K,gatherp_alltoallv,858,0.005649,0.003565,0.007733,0.0020840000000000003,0.004168,6.5839160839160845e-06,9.012820512820513e-06
nacl_small_rep03_np2_omp1,small,03,2,1,2.75,2,PW_Basis_K,gatherp_pack,858,0.0012994999999999999,0.001271,0.001328,2.849999999999988e-05,5.6999999999999976e-05,1.5145687645687645e-06,1.5477855477855477e-06
nacl_small_rep03_np2_omp1,small,03,2,1,2.75,2,PW_Basis_K,gatherp_scatters,858,0.0096185,0.007531,0.011706,0.0020875,0.004174999999999999,1.1210372960372961e-05,1.3643356643356643e-05
nacl_small_rep03_np2_omp1,small,03,2,1,2.75,2,PW_Basis_K,gatherp_unpack,858,0.0021574999999999997,0.002098,0.002217,5.949999999999966e-05,0.00011899999999999975,2.5145687645687642e-06,2.583916083916084e-06
nacl_small_rep03_np2_omp1,small,03,2,1,2.75,2,PW_Basis_K,gathers_alltoallv,1002,0.004628,0.004207,0.005049,0.00042100000000000037,0.0008419999999999999,4.6187624750499005e-06,5.038922155688623e-06
nacl_small_rep03_np2_omp1,small,03,2,1,2.75,2,PW_Basis_K,gathers_clear,1002,0.0028195,0.002763,0.002876,5.6500000000000127e-05,0.00011300000000000025,2.813872255489022e-06,2.8702594810379244e-06
nacl_small_rep03_np2_omp1,small,03,2,1,2.75,2,PW_Basis_K,gathers_pack,1002,0.001421,0.001367,0.001475,5.400000000000001e-05,0.00010800000000000002,1.4181636726546906e-06,1.4720558882235529e-06
nacl_small_rep03_np2_omp1,small,03,2,1,2.75,2,PW_Basis_K,gathers_scatterp,1002,0.010956,0.010692,0.01122,0.00026400000000000035,0.0005280000000000007,1.0934131736526946e-05,1.1197604790419163e-05
nacl_small_rep03_np2_omp1,small,03,2,1,2.75,2,PW_Basis_K,gathers_unpack,1002,0.001408,0.001388,0.001428,2.0000000000000052e-05,4.0000000000000105e-05,1.405189620758483e-06,1.4251497005988023e-06
nacl_small_rep03_np2_omp1,small,03,2,1,2.75,2,PW_Basis_Sup,gatherp_alltoallv,65,0.007659,0.002709,0.012609,0.0049499999999999995,0.0099,0.00011783076923076923,0.00019398461538461538
nacl_small_rep03_np2_omp1,small,03,2,1,2.75,2,PW_Basis_Sup,gatherp_pack,65,0.0024145,0.002332,0.002497,8.250000000000011e-05,0.00016500000000000022,3.714615384615385e-05,3.8415384615384616e-05
nacl_small_rep03_np2_omp1,small,03,2,1,2.75,2,PW_Basis_Sup,gatherp_scatters,65,0.014555,0.009728,0.019382,0.004827,0.009654,0.00022392307692307693,0.0002981846153846154
nacl_small_rep03_np2_omp1,small,03,2,1,2.75,2,PW_Basis_Sup,gatherp_unpack,65,0.004424,0.004386,0.004462,3.799999999999984e-05,7.599999999999968e-05,6.806153846153846e-05,6.864615384615384e-05
nacl_small_rep03_np2_omp1,small,03,2,1,2.75,2,PW_Basis_Sup,gathers_alltoallv,49,0.008439,0.002549,0.014329,0.00589,0.011779999999999999,0.00017222448979591838,0.0002924285714285714
nacl_small_rep03_np2_omp1,small,03,2,1,2.75,2,PW_Basis_Sup,gathers_clear,49,0.001741,0.001703,0.001779,3.799999999999984e-05,7.59999999999999e-05,3.5530612244897955e-05,3.630612244897959e-05
nacl_small_rep03_np2_omp1,small,03,2,1,2.75,2,PW_Basis_Sup,gathers_pack,49,0.0020375000000000002,0.002009,0.002066,2.8500000000000313e-05,5.700000000000019e-05,4.158163265306123e-05,4.216326530612245e-05
nacl_small_rep03_np2_omp1,small,03,2,1,2.75,2,PW_Basis_Sup,gathers_scatterp,49,0.0139185,0.008153,0.019684,0.0057655,0.011531,0.0002840510204081633,0.00040171428571428574
nacl_small_rep03_np2_omp1,small,03,2,1,2.75,2,PW_Basis_Sup,gathers_unpack,49,0.001651,0.001597,0.001705,5.400000000000001e-05,0.00010800000000000002,3.369387755102041e-05,3.479591836734694e-05
nacl_small_rep03_np4_omp1,small,03,4,1,2.24,4,PW_Basis_K,gatherp_alltoallv,858,0.010046,0.00985,0.010387,0.000196,0.000537000000000001,1.1708624708624708e-05,1.2106060606060607e-05
nacl_small_rep03_np4_omp1,small,03,4,1,2.24,4,PW_Basis_K,gatherp_pack,858,0.00080675,0.000783,0.000844,2.3750000000000008e-05,6.100000000000007e-05,9.402680652680652e-07,9.836829836829836e-07
nacl_small_rep03_np4_omp1,small,03,4,1,2.24,4,PW_Basis_K,gatherp_scatters,858,0.01218775,0.012055,0.012487,0.00013275000000000092,0.0004320000000000001,1.420483682983683e-05,1.4553613053613053e-05
nacl_small_rep03_np4_omp1,small,03,4,1,2.24,4,PW_Basis_K,gatherp_unpack,858,0.00083175,0.000811,0.000869,2.0750000000000044e-05,5.8e-05,9.694055944055945e-07,1.0128205128205127e-06
nacl_small_rep03_np4_omp1,small,03,4,1,2.24,4,PW_Basis_K,gathers_alltoallv,1002,0.0109935,0.010716,0.011206,0.00027749999999999997,0.0004900000000000009,1.0971556886227545e-05,1.118363273453094e-05
nacl_small_rep03_np4_omp1,small,03,4,1,2.24,4,PW_Basis_K,gathers_clear,1002,0.001114,0.001084,0.001173,3.000000000000008e-05,8.90000000000001e-05,1.1117764471057884e-06,1.1706586826347306e-06
nacl_small_rep03_np4_omp1,small,03,4,1,2.24,4,PW_Basis_K,gathers_pack,1002,0.0009395,0.000905,0.00098,3.4500000000000025e-05,7.499999999999998e-05,9.37624750499002e-07,9.780439121756486e-07
nacl_small_rep03_np4_omp1,small,03,4,1,2.24,4,PW_Basis_K,gathers_scatterp,1002,0.01469925,0.01454,0.014869,0.00015924999999999967,0.00032899999999999943,1.4669910179640718e-05,1.4839321357285429e-05
nacl_small_rep03_np4_omp1,small,03,4,1,2.24,4,PW_Basis_K,gathers_unpack,1002,0.0009795000000000001,0.000916,0.00103,6.350000000000008e-05,0.00011400000000000006,9.775449101796409e-07,1.0279441117764471e-06
nacl_small_rep03_np4_omp1,small,03,4,1,2.24,4,PW_Basis_Sup,gatherp_alltoallv,65,0.01071075,0.00658,0.012674,0.00413075,0.006094,0.00016478076923076923,0.00019498461538461538
nacl_small_rep03_np4_omp1,small,03,4,1,2.24,4,PW_Basis_Sup,gatherp_pack,65,0.0010095,0.000915,0.001221,9.449999999999997e-05,0.00030600000000000007,1.553076923076923e-05,1.8784615384615385e-05
nacl_small_rep03_np4_omp1,small,03,4,1,2.24,4,PW_Basis_Sup,gatherp_scatters,65,0.01874675,0.01491,0.020456,0.00383675,0.005545999999999999,0.00028841153846153846,0.0003147076923076923
nacl_small_rep03_np4_omp1,small,03,4,1,2.24,4,PW_Basis_Sup,gatherp_unpack,65,0.006982250000000001,0.006797,0.007064,0.00018525000000000052,0.0002669999999999999,0.00010741923076923077,0.00010867692307692307
nacl_small_rep03_np4_omp1,small,03,4,1,2.24,4,PW_Basis_Sup,gathers_alltoallv,49,0.006797999999999999,0.006317,0.007814,0.00048099999999999966,0.001497,0.00013873469387755102,0.00015946938775510203
nacl_small_rep03_np4_omp1,small,03,4,1,2.24,4,PW_Basis_Sup,gathers_clear,49,0.00234,0.002316,0.002354,2.400000000000015e-05,3.800000000000027e-05,4.775510204081633e-05,4.804081632653062e-05
nacl_small_rep03_np4_omp1,small,03,4,1,2.24,4,PW_Basis_Sup,gathers_pack,49,0.000804,0.000782,0.000837,2.1999999999999993e-05,5.499999999999993e-05,1.6408163265306124e-05,1.7081632653061223e-05
nacl_small_rep03_np4_omp1,small,03,4,1,2.24,4,PW_Basis_Sup,gathers_scatterp,49,0.0105915,0.010181,0.011559,0.0004104999999999994,0.001377999999999999,0.0002161530612244898,0.00023589795918367345
nacl_small_rep03_np4_omp1,small,03,4,1,2.24,4,PW_Basis_Sup,gathers_unpack,49,0.0006095,0.00059,0.000647,1.9499999999999986e-05,5.6999999999999976e-05,1.2438775510204082e-05,1.3204081632653061e-05
nacl_small_rep03_np8_omp1,small,03,8,1,2.08,8,PW_Basis_K,gatherp_alltoallv,858,0.017788125000000002,0.017497,0.0183,0.0002911250000000032,0.0008030000000000016,2.0732080419580423e-05,2.132867132867133e-05
nacl_small_rep03_np8_omp1,small,03,8,1,2.08,8,PW_Basis_K,gatherp_pack,858,0.00063075,0.000566,0.000969,6.475000000000003e-05,0.00040300000000000004,7.351398601398602e-07,1.1293706293706294e-06
nacl_small_rep03_np8_omp1,small,03,8,1,2.08,8,PW_Basis_K,gatherp_scatters,858,0.019608375,0.019279,0.020025,0.0003293749999999998,0.0007460000000000001,2.2853583916083918e-05,2.333916083916084e-05
nacl_small_rep03_np8_omp1,small,03,8,1,2.08,8,PW_Basis_K,gatherp_unpack,858,0.000686625,0.000669,0.000708,1.7624999999999954e-05,3.899999999999997e-05,8.002622377622378e-07,8.251748251748252e-07
nacl_small_rep03_np8_omp1,small,03,8,1,2.08,8,PW_Basis_K,gathers_alltoallv,1002,0.019155875,0.018916,0.019381,0.0002398750000000005,0.00046500000000000014,1.911763972055888e-05,1.9342315369261476e-05
nacl_small_rep03_np8_omp1,small,03,8,1,2.08,8,PW_Basis_K,gathers_clear,1002,0.0007624999999999998,0.000746,0.000776,1.6499999999999805e-05,2.999999999999997e-05,7.609780439121755e-07,7.744510978043912e-07
nacl_small_rep03_np8_omp1,small,03,8,1,2.08,8,PW_Basis_K,gathers_pack,1002,0.0007441250000000001,0.000718,0.000769,2.6125000000000106e-05,5.100000000000005e-05,7.426397205588824e-07,7.674650698602795e-07
nacl_small_rep03_np8_omp1,small,03,8,1,2.08,8,PW_Basis_K,gathers_scatterp,1002,0.022025,0.021793,0.022222,0.00023199999999999957,0.0004289999999999988,2.1981037924151695e-05,2.2177644710578843e-05
nacl_small_rep03_np8_omp1,small,03,8,1,2.08,8,PW_Basis_K,gathers_unpack,1002,0.00069675,0.000667,0.000743,2.9750000000000046e-05,7.6e-05,6.953592814371258e-07,7.415169660678642e-07
nacl_small_rep03_np8_omp1,small,03,8,1,2.08,8,PW_Basis_Sup,gatherp_alltoallv,65,0.009723125,0.007231,0.013193,0.0024921250000000013,0.005962,0.0001495865384615385,0.00020296923076923077
nacl_small_rep03_np8_omp1,small,03,8,1,2.08,8,PW_Basis_Sup,gatherp_pack,65,0.000509125,0.00041,0.000582,9.912500000000004e-05,0.00017200000000000006,7.832692307692308e-06,8.953846153846155e-06
nacl_small_rep03_np8_omp1,small,03,8,1,2.08,8,PW_Basis_Sup,gatherp_scatters,65,0.014936125000000001,0.012797,0.017998,0.002139125000000002,0.005201000000000001,0.00022978653846153849,0.0002768923076923077
nacl_small_rep03_np8_omp1,small,03,8,1,2.08,8,PW_Basis_Sup,gatherp_unpack,65,0.00466175,0.004352,0.005005,0.00030975000000000013,0.0006529999999999999,7.171923076923077e-05,7.7e-05
nacl_small_rep03_np8_omp1,small,03,8,1,2.08,8,PW_Basis_Sup,gathers_alltoallv,49,0.0071389999999999995,0.006679,0.007394,0.00045999999999999947,0.0007150000000000004,0.0001456938775510204,0.00015089795918367348
nacl_small_rep03_np8_omp1,small,03,8,1,2.08,8,PW_Basis_Sup,gathers_clear,49,0.0015652499999999998,0.001472,0.001633,9.32499999999998e-05,0.0001609999999999999,3.1943877551020405e-05,3.3326530612244897e-05
nacl_small_rep03_np8_omp1,small,03,8,1,2.08,8,PW_Basis_Sup,gathers_pack,49,0.0003925,0.000373,0.000432,1.9499999999999986e-05,5.899999999999997e-05,8.010204081632654e-06,8.816326530612245e-06
nacl_small_rep03_np8_omp1,small,03,8,1,2.08,8,PW_Basis_Sup,gathers_scatterp,49,0.009465,0.009133,0.009672,0.00033199999999999896,0.0005389999999999995,0.00019316326530612244,0.00019738775510204083
nacl_small_rep03_np8_omp1,small,03,8,1,2.08,8,PW_Basis_Sup,gathers_unpack,49,0.00032937499999999997,0.000292,0.000357,3.737499999999997e-05,6.500000000000001e-05,6.721938775510203e-06,7.2857142857142855e-06
nacl_small_rep03_np4_omp2,small,03,4,2,2.32,4,PW_Basis_K,gatherp_alltoallv,858,0.0111155,0.010188,0.011969,0.0009275000000000012,0.0017810000000000013,1.2955128205128206e-05,1.394988344988345e-05
nacl_small_rep03_np4_omp2,small,03,4,2,2.32,4,PW_Basis_K,gatherp_pack,858,0.0028735,0.002762,0.002979,0.00011150000000000005,0.00021699999999999975,3.3490675990675993e-06,3.4720279720279718e-06
nacl_small_rep03_np4_omp2,small,03,4,2,2.32,4,PW_Basis_K,gatherp_scatters,858,0.01799725,0.017083,0.018813,0.0009142499999999984,0.001729999999999999,2.097581585081585e-05,2.1926573426573426e-05
nacl_small_rep03_np4_omp2,small,03,4,2,2.32,4,PW_Basis_K,gatherp_unpack,858,0.003331,0.003184,0.003415,0.000147,0.00023099999999999987,3.882284382284382e-06,3.98018648018648e-06
nacl_small_rep03_np4_omp2,small,03,4,2,2.32,4,PW_Basis_K,gathers_alltoallv,1002,0.01285325,0.011529,0.01396,0.0013242500000000008,0.002431000000000001,1.2827594810379242e-05,1.3932135728542915e-05
nacl_small_rep03_np4_omp2,small,03,4,2,2.32,4,PW_Basis_K,gathers_clear,1002,0.0041765000000000005,0.004107,0.00425,6.950000000000012e-05,0.0001429999999999999,4.168163672654691e-06,4.241516966067864e-06
nacl_small_rep03_np4_omp2,small,03,4,2,2.32,4,PW_Basis_K,gathers_pack,1002,0.00308175,0.002817,0.003559,0.0002647499999999998,0.000742,3.0755988023952094e-06,3.5518962075848302e-06
nacl_small_rep03_np4_omp2,small,03,4,2,2.32,4,PW_Basis_K,gathers_scatterp,1002,0.0245645,0.024113,0.025142,0.0004515000000000005,0.0010290000000000021,2.4515469061876246e-05,2.509181636726547e-05
nacl_small_rep03_np4_omp2,small,03,4,2,2.32,4,PW_Basis_K,gathers_unpack,1002,0.0035207499999999996,0.003326,0.003872,0.0001947499999999996,0.000546,3.513722554890219e-06,3.864271457085829e-06
nacl_small_rep03_np4_omp2,small,03,4,2,2.32,4,PW_Basis_Sup,gatherp_alltoallv,65,0.00954625,0.009186,0.00981,0.00036024999999999946,0.0006239999999999996,0.0001468653846153846,0.00015092307692307692
nacl_small_rep03_np4_omp2,small,03,4,2,2.32,4,PW_Basis_Sup,gatherp_pack,65,0.00246625,0.002378,0.00268,8.825000000000022e-05,0.0003020000000000002,3.794230769230769e-05,4.1230769230769234e-05
nacl_small_rep03_np4_omp2,small,03,4,2,2.32,4,PW_Basis_Sup,gatherp_scatters,65,0.0171625,0.016677,0.0174,0.0004854999999999998,0.000722999999999998,0.00026403846153846155,0.00026769230769230765
nacl_small_rep03_np4_omp2,small,03,4,2,2.32,4,PW_Basis_Sup,gatherp_unpack,65,0.0050999999999999995,0.005017,0.005154,8.299999999999974e-05,0.00013699999999999997,7.846153846153845e-05,7.92923076923077e-05
nacl_small_rep03_np4_omp2,small,03,4,2,2.32,4,PW_Basis_Sup,gathers_alltoallv,49,0.011469749999999999,0.007762,0.014733,0.0037077499999999992,0.006971,0.00023407653061224487,0.0003006734693877551
nacl_small_rep03_np4_omp2,small,03,4,2,2.32,4,PW_Basis_Sup,gathers_clear,49,0.00193525,0.001831,0.002142,0.00010424999999999996,0.00031099999999999986,3.949489795918367e-05,4.371428571428571e-05
nacl_small_rep03_np4_omp2,small,03,4,2,2.32,4,PW_Basis_Sup,gathers_pack,49,0.00204425,0.001985,0.002208,5.9250000000000275e-05,0.0002230000000000001,4.171938775510204e-05,4.5061224489795915e-05
nacl_small_rep03_np4_omp2,small,03,4,2,2.32,4,PW_Basis_Sup,gathers_scatterp,49,0.017568,0.013849,0.020632,0.003719,0.006783000000000001,0.000358530612244898,0.0004210612244897959
nacl_small_rep03_np4_omp2,small,03,4,2,2.32,4,PW_Basis_Sup,gathers_unpack,49,0.0020705,0.001988,0.002265,8.249999999999967e-05,0.0002769999999999999,4.225510204081632e-05,4.622448979591837e-05
nacl_small_rep03_np8_omp2,small,03,8,2,2.14,8,PW_Basis_K,gatherp_alltoallv,858,0.021035375000000002,0.018466,0.023032,0.002569375000000002,0.004566000000000001,2.451675407925408e-05,2.6843822843822844e-05
nacl_small_rep03_np8_omp2,small,03,8,2,2.14,8,PW_Basis_K,gatherp_pack,858,0.0023968749999999997,0.002205,0.002661,0.00019187499999999977,0.00045600000000000024,2.793560606060606e-06,3.1013986013986014e-06
nacl_small_rep03_np8_omp2,small,03,8,2,2.14,8,PW_Basis_K,gatherp_scatters,858,0.026558,0.024356,0.028316,0.002201999999999999,0.003960000000000002,3.095337995337995e-05,3.3002331002331006e-05
nacl_small_rep03_np8_omp2,small,03,8,2,2.14,8,PW_Basis_K,gatherp_unpack,858,0.0024655,0.002273,0.002619,0.00019249999999999996,0.00034599999999999995,2.8735431235431234e-06,3.052447552447552e-06
nacl_small_rep03_np8_omp2,small,03,8,2,2.14,8,PW_Basis_K,gathers_alltoallv,1002,0.021701625,0.020671,0.02269,0.0010306250000000003,0.002019,2.1658308383233532e-05,2.2644710578842314e-05
nacl_small_rep03_np8_omp2,small,03,8,2,2.14,8,PW_Basis_K,gathers_clear,1002,0.0032212499999999997,0.002952,0.003457,0.0002692499999999995,0.0005049999999999998,3.214820359281437e-06,3.4500998003992015e-06
nacl_small_rep03_np8_omp2,small,03,8,2,2.14,8,PW_Basis_K,gathers_pack,1002,0.00271075,0.002475,0.003014,0.00023574999999999985,0.000539,2.7053393213572857e-06,3.007984031936128e-06
nacl_small_rep03_np8_omp2,small,03,8,2,2.14,8,PW_Basis_K,gathers_scatterp,1002,0.031400750000000005,0.030672,0.031926,0.0007287500000000037,0.0012540000000000016,3.133807385229542e-05,3.18622754491018e-05
nacl_small_rep03_np8_omp2,small,03,8,2,2.14,8,PW_Basis_K,gathers_unpack,1002,0.0028331249999999997,0.002628,0.003041,0.00020512499999999958,0.00041299999999999974,2.827470059880239e-06,3.0349301397205588e-06
nacl_small_rep03_np8_omp2,small,03,8,2,2.14,8,PW_Basis_Sup,gatherp_alltoallv,65,0.011218875000000003,0.008996,0.013745,0.0022228750000000026,0.004749,0.00017259807692307697,0.00021146153846153846
nacl_small_rep03_np8_omp2,small,03,8,2,2.14,8,PW_Basis_Sup,gatherp_pack,65,0.0015199999999999999,0.001363,0.001702,0.0001569999999999998,0.0003389999999999999,2.3384615384615382e-05,2.6184615384615385e-05
nacl_small_rep03_np8_omp2,small,03,8,2,2.14,8,PW_Basis_Sup,gatherp_scatters,65,0.015623124999999998,0.013628,0.017948,0.0019951249999999986,0.004319999999999999,0.0002403557692307692,0.00027612307692307693
nacl_small_rep03_np8_omp2,small,03,8,2,2.14,8,PW_Basis_Sup,gatherp_unpack,65,0.0028323750000000003,0.00273,0.002979,0.00010237500000000047,0.0002490000000000001,4.3575e-05,4.583076923076923e-05
nacl_small_rep03_np8_omp2,small,03,8,2,2.14,8,PW_Basis_Sup,gathers_alltoallv,49,0.011450749999999999,0.008313,0.015026,0.00313775,0.006713,0.00023368877551020406,0.00030665306122448977
nacl_small_rep03_np8_omp2,small,03,8,2,2.14,8,PW_Basis_Sup,gathers_clear,49,0.0013349999999999998,0.001248,0.001382,8.699999999999984e-05,0.000134,2.724489795918367e-05,2.820408163265306e-05
nacl_small_rep03_np8_omp2,small,03,8,2,2.14,8,PW_Basis_Sup,gathers_pack,49,0.0009585000000000002,0.000912,0.001039,4.65000000000001e-05,0.00012699999999999994,1.956122448979592e-05,2.1204081632653063e-05
nacl_small_rep03_np8_omp2,small,03,8,2,2.14,8,PW_Basis_Sup,gathers_scatterp,49,0.014910625000000002,0.01163,0.018575,0.0032806250000000023,0.0069450000000000015,0.00030429846938775517,0.00037908163265306126
nacl_small_rep03_np8_omp2,small,03,8,2,2.14,8,PW_Basis_Sup,gathers_unpack,49,0.0011207499999999998,0.000992,0.001273,0.00012874999999999974,0.000281,2.287244897959183e-05,2.5979591836734693e-05
nacl_medium_rep01_np1_omp1,medium,01,1,1,8.18,1,PW_Basis_K,gatherp_scatters,873,0.003137,0.003137,0.003137,0.0,0.0,3.593356242840779e-06,3.593356242840779e-06
nacl_medium_rep01_np1_omp1,medium,01,1,1,8.18,1,PW_Basis_K,gathers_scatterp,1017,0.007252,0.007252,0.007252,0.0,0.0,7.130776794493608e-06,7.130776794493608e-06
nacl_medium_rep01_np1_omp1,medium,01,1,1,8.18,1,PW_Basis_Sup,gatherp_scatters,65,0.026033,0.026033,0.026033,0.0,0.0,0.0004005076923076923,0.0004005076923076923
nacl_medium_rep01_np1_omp1,medium,01,1,1,8.18,1,PW_Basis_Sup,gathers_scatterp,49,0.03371,0.03371,0.03371,0.0,0.0,0.0006879591836734694,0.0006879591836734694
nacl_medium_rep01_np2_omp1,medium,01,2,1,5.13,2,PW_Basis_K,gatherp_alltoallv,873,0.0164845,0.008766,0.024203,0.0077185,0.015437,1.888258877434135e-05,2.772394043528064e-05
nacl_medium_rep01_np2_omp1,medium,01,2,1,5.13,2,PW_Basis_K,gatherp_pack,873,0.001593,0.001585,0.001601,7.999999999999978e-06,1.5999999999999955e-05,1.824742268041237e-06,1.833906071019473e-06
nacl_medium_rep01_np2_omp1,medium,01,2,1,5.13,2,PW_Basis_K,gatherp_scatters,873,0.020966,0.013238,0.028694,0.007727999999999999,0.015456000000000001,2.401603665521191e-05,3.286827033218786e-05
nacl_medium_rep01_np2_omp1,medium,01,2,1,5.13,2,PW_Basis_K,gatherp_unpack,873,0.0023474999999999998,0.00233,0.002365,1.749999999999972e-05,3.4999999999999875e-05,2.6890034364261166e-06,2.709049255441008e-06
nacl_medium_rep01_np2_omp1,medium,01,2,1,5.13,2,PW_Basis_K,gathers_alltoallv,1017,0.005212,0.005178,0.005246,3.399999999999931e-05,6.799999999999948e-05,5.124877089478859e-06,5.158308751229105e-06
nacl_medium_rep01_np2_omp1,medium,01,2,1,5.13,2,PW_Basis_K,gathers_clear,1017,0.0035475,0.003518,0.003577,2.9500000000000012e-05,5.9000000000000025e-05,3.4882005899705014e-06,3.5172074729596853e-06
nacl_medium_rep01_np2_omp1,medium,01,2,1,5.13,2,PW_Basis_K,gathers_pack,1017,0.0017395,0.001697,0.001782,4.25e-05,8.5e-05,1.7104228121927236e-06,1.752212389380531e-06
nacl_medium_rep01_np2_omp1,medium,01,2,1,5.13,2,PW_Basis_K,gathers_scatterp,1017,0.012898,0.012842,0.012954,5.6000000000000494e-05,0.00011200000000000099,1.2682399213372664e-05,1.2737463126843658e-05
nacl_medium_rep01_np2_omp1,medium,01,2,1,5.13,2,PW_Basis_K,gathers_unpack,1017,0.001689,0.001684,0.001694,5.000000000000013e-06,1.0000000000000026e-05,1.6607669616519174e-06,1.6656833824975417e-06
nacl_medium_rep01_np2_omp1,medium,01,2,1,5.13,2,PW_Basis_Sup,gatherp_alltoallv,65,0.023885,0.021267,0.026503,0.002617999999999999,0.005235999999999998,0.00036746153846153846,0.0004077384615384615
nacl_medium_rep01_np2_omp1,medium,01,2,1,5.13,2,PW_Basis_Sup,gatherp_pack,65,0.014253499999999999,0.014235,0.014272,1.849999999999942e-05,3.7000000000000574e-05,0.00021928461538461537,0.00021956923076923076
nacl_medium_rep01_np2_omp1,medium,01,2,1,5.13,2,PW_Basis_Sup,gatherp_scatters,65,0.051844,0.048637,0.055051,0.0032070000000000015,0.006414000000000003,0.0007976,0.0008469384615384616
nacl_medium_rep01_np2_omp1,medium,01,2,1,5.13,2,PW_Basis_Sup,gatherp_unpack,65,0.0136075,0.013034,0.014181,0.0005734999999999994,0.0011469999999999987,0.00020934615384615385,0.00021816923076923076
nacl_medium_rep01_np2_omp1,medium,01,2,1,5.13,2,PW_Basis_Sup,gathers_alltoallv,49,0.0205625,0.012812,0.028313,0.0077505000000000004,0.015501000000000001,0.00041964285714285714,0.0005778163265306123
nacl_medium_rep01_np2_omp1,medium,01,2,1,5.13,2,PW_Basis_Sup,gathers_clear,49,0.010045,0.009827,0.010263,0.00021799999999999944,0.0004359999999999989,0.000205,0.00020944897959183673
nacl_medium_rep01_np2_omp1,medium,01,2,1,5.13,2,PW_Basis_Sup,gathers_pack,49,0.0113795,0.011295,0.011464,8.450000000000124e-05,0.00016900000000000075,0.00023223469387755104,0.0002339591836734694
nacl_medium_rep01_np2_omp1,medium,01,2,1,5.13,2,PW_Basis_Sup,gathers_scatterp,49,0.047362,0.039992,0.054732,0.0073700000000000015,0.014740000000000003,0.0009665714285714286,0.0011169795918367347
nacl_medium_rep01_np2_omp1,medium,01,2,1,5.13,2,PW_Basis_Sup,gathers_unpack,49,0.0052770000000000004,0.005049,0.005505,0.00022800000000000077,0.0004560000000000007,0.00010769387755102042,0.00011234693877551021
nacl_medium_rep01_np4_omp1,medium,01,4,1,3.47,4,PW_Basis_K,gatherp_alltoallv,873,0.014286,0.010841,0.01551,0.003445,0.0046689999999999995,1.636426116838488e-05,1.7766323024054983e-05
nacl_medium_rep01_np4_omp1,medium,01,4,1,3.47,4,PW_Basis_K,gatherp_pack,873,0.0009412499999999999,0.000904,0.000974,3.724999999999996e-05,7.000000000000008e-05,1.0781786941580755e-06,1.1156930126002292e-06
nacl_medium_rep01_np4_omp1,medium,01,4,1,3.47,4,PW_Basis_K,gatherp_scatters,873,0.01667675,0.013266,0.017914,0.0034107500000000006,0.004647999999999999,1.9102806414662085e-05,2.052004581901489e-05
nacl_medium_rep01_np4_omp1,medium,01,4,1,3.47,4,PW_Basis_K,gatherp_unpack,873,0.000927,0.000918,0.000932,9.000000000000002e-06,1.4000000000000015e-05,1.0618556701030927e-06,1.0675830469644902e-06
nacl_medium_rep01_np4_omp1,medium,01,4,1,3.47,4,PW_Basis_K,gathers_alltoallv,1017,0.01206025,0.011877,0.012215,0.00018324999999999939,0.00033799999999999976,1.18586529006883e-05,1.2010816125860374e-05
nacl_medium_rep01_np4_omp1,medium,01,4,1,3.47,4,PW_Basis_K,gathers_clear,1017,0.0012535,0.001212,0.001331,4.150000000000009e-05,0.00011899999999999997,1.2325467059980335e-06,1.3087512291052113e-06
nacl_medium_rep01_np4_omp1,medium,01,4,1,3.47,4,PW_Basis_K,gathers_pack,1017,0.00107325,0.001062,0.001083,1.1249999999999975e-05,2.099999999999997e-05,1.0553097345132743e-06,1.064896755162242e-06
nacl_medium_rep01_np4_omp1,medium,01,4,1,3.47,4,PW_Basis_K,gathers_scatterp,1017,0.016155249999999996,0.016064,0.016286,9.124999999999758e-05,0.00022199999999999998,1.5885201573254668e-05,1.6013765978367747e-05
nacl_medium_rep01_np4_omp1,medium,01,4,1,3.47,4,PW_Basis_K,gathers_unpack,1017,0.00107675,0.001042,0.001144,3.475000000000006e-05,0.0001020000000000001,1.0587512291052114e-06,1.1248770894788595e-06
nacl_medium_rep01_np4_omp1,medium,01,4,1,3.47,4,PW_Basis_Sup,gatherp_alltoallv,65,0.024008,0.02043,0.02595,0.0035780000000000013,0.005520000000000001,0.00036935384615384615,0.00039923076923076924
nacl_medium_rep01_np4_omp1,medium,01,4,1,3.47,4,PW_Basis_Sup,gatherp_pack,65,0.004131000000000001,0.004056,0.004196,7.500000000000128e-05,0.00014000000000000037,6.355384615384617e-05,6.455384615384616e-05
nacl_medium_rep01_np4_omp1,medium,01,4,1,3.47,4,PW_Basis_Sup,gatherp_scatters,65,0.04379450000000001,0.040065,0.045879,0.0037295000000000036,0.005814,0.0006737615384615385,0.0007058307692307693
nacl_medium_rep01_np4_omp1,medium,01,4,1,3.47,4,PW_Basis_Sup,gatherp_unpack,65,0.01559925,0.015454,0.015818,0.00014524999999999955,0.000363999999999998,0.00023998846153846154,0.00024335384615384613
nacl_medium_rep01_np4_omp1,medium,01,4,1,3.47,4,PW_Basis_Sup,gathers_alltoallv,49,0.0200125,0.017747,0.021984,0.0022655,0.004237000000000001,0.00040841836734693875,0.0004486530612244898
nacl_medium_rep01_np4_omp1,medium,01,4,1,3.47,4,PW_Basis_Sup,gathers_clear,49,0.006684249999999999,0.006611,0.006761,7.324999999999953e-05,0.00014999999999999996,0.00013641326530612245,0.0001379795918367347
nacl_medium_rep01_np4_omp1,medium,01,4,1,3.47,4,PW_Basis_Sup,gathers_pack,49,0.0034590000000000003,0.003308,0.003746,0.0001510000000000001,0.000438,7.059183673469388e-05,7.644897959183674e-05
nacl_medium_rep01_np4_omp1,medium,01,4,1,3.47,4,PW_Basis_Sup,gathers_scatterp,49,0.032811,0.030564,0.034927,0.002246999999999999,0.004362999999999999,0.0006696122448979592,0.0007127959183673469
nacl_medium_rep01_np4_omp1,medium,01,4,1,3.47,4,PW_Basis_Sup,gathers_unpack,49,0.00260525,0.002561,0.002628,4.425000000000002e-05,6.700000000000022e-05,5.316836734693877e-05,5.3632653061224494e-05
nacl_medium_rep01_np8_omp1,medium,01,8,1,2.84,8,PW_Basis_K,gatherp_alltoallv,873,0.020492625,0.018062,0.021037,0.0024306249999999988,0.0029749999999999985,2.3473797250859108e-05,2.409736540664376e-05
nacl_medium_rep01_np8_omp1,medium,01,8,1,2.84,8,PW_Basis_K,gatherp_pack,873,0.0006392500000000001,0.000617,0.000717,2.2250000000000026e-05,9.999999999999994e-05,7.322451317296679e-07,8.213058419243986e-07
nacl_medium_rep01_np8_omp1,medium,01,8,1,2.84,8,PW_Basis_K,gatherp_scatters,873,0.022417625,0.020117,0.022946,0.0023006250000000006,0.0028290000000000017,2.5678837342497135e-05,2.6284077892325315e-05
nacl_medium_rep01_np8_omp1,medium,01,8,1,2.84,8,PW_Basis_K,gatherp_unpack,873,0.0007611250000000001,0.000735,0.0008,2.6125000000000106e-05,6.500000000000006e-05,8.718499427262315e-07,9.163802978235968e-07
nacl_medium_rep01_np8_omp1,medium,01,8,1,2.84,8,PW_Basis_K,gathers_alltoallv,1017,0.020010375,0.019798,0.020211,0.00021237500000000076,0.00041300000000000017,1.9675884955752213e-05,1.987315634218289e-05
nacl_medium_rep01_np8_omp1,medium,01,8,1,2.84,8,PW_Basis_K,gathers_clear,1017,0.000834625,0.000808,0.000952,2.6624999999999956e-05,0.00014400000000000003,8.206735496558505e-07,9.360865290068831e-07
nacl_medium_rep01_np8_omp1,medium,01,8,1,2.84,8,PW_Basis_K,gathers_pack,1017,0.000830125,0.000802,0.000857,2.8125000000000047e-05,5.5000000000000036e-05,8.162487708947887e-07,8.426745329400196e-07
nacl_medium_rep01_np8_omp1,medium,01,8,1,2.84,8,PW_Basis_K,gathers_scatterp,1017,0.023139499999999997,0.023028,0.02327,0.00011149999999999702,0.00024199999999999916,2.275270403146509e-05,2.288102261553589e-05
nacl_medium_rep01_np8_omp1,medium,01,8,1,2.84,8,PW_Basis_K,gathers_unpack,1017,0.000776625,0.000734,0.000832,4.262500000000002e-05,9.8e-05,7.636430678466077e-07,8.180924287118976e-07
nacl_medium_rep01_np8_omp1,medium,01,8,1,2.84,8,PW_Basis_Sup,gatherp_alltoallv,65,0.017854500000000002,0.015935,0.018656,0.001919500000000001,0.0027209999999999977,0.0002746846153846154,0.0002870153846153846
nacl_medium_rep01_np8_omp1,medium,01,8,1,2.84,8,PW_Basis_Sup,gatherp_pack,65,0.0018160000000000001,0.001788,0.001855,2.800000000000003e-05,6.7e-05,2.7938461538461542e-05,2.853846153846154e-05
nacl_medium_rep01_np8_omp1,medium,01,8,1,2.84,8,PW_Basis_Sup,gatherp_scatters,65,0.032196375000000006,0.030146,0.032991,0.002050375000000007,0.0028450000000000003,0.0004953288461538463,0.0005075538461538461
nacl_medium_rep01_np8_omp1,medium,01,8,1,2.84,8,PW_Basis_Sup,gatherp_unpack,65,0.01247775,0.012316,0.012757,0.0001617499999999987,0.0004409999999999987,0.0001919653846153846,0.00019626153846153844
nacl_medium_rep01_np8_omp1,medium,01,8,1,2.84,8,PW_Basis_Sup,gathers_alltoallv,49,0.015968875,0.013663,0.018383,0.0023058750000000006,0.00472,0.0003258954081632653,0.0003751632653061225
nacl_medium_rep01_np8_omp1,medium,01,8,1,2.84,8,PW_Basis_Sup,gathers_clear,49,0.0042552499999999995,0.004137,0.004367,0.00011824999999999943,0.00023000000000000017,8.684183673469387e-05,8.912244897959185e-05
nacl_medium_rep01_np8_omp1,medium,01,8,1,2.84,8,PW_Basis_Sup,gathers_pack,49,0.0015668750000000001,0.001445,0.001666,0.00012187500000000002,0.00022099999999999984,3.197704081632653e-05,3.4e-05
nacl_medium_rep01_np8_omp1,medium,01,8,1,2.84,8,PW_Basis_Sup,gathers_scatterp,49,0.022922125,0.020613,0.025073,0.002309125000000002,0.004460000000000002,0.00046779846938775513,0.0005116938775510205
nacl_medium_rep01_np8_omp1,medium,01,8,1,2.84,8,PW_Basis_Sup,gathers_unpack,49,0.001085,0.001066,0.001101,1.899999999999992e-05,3.4999999999999875e-05,2.2142857142857145e-05,2.246938775510204e-05
nacl_medium_rep01_np4_omp2,medium,01,4,2,3.53,4,PW_Basis_K,gatherp_alltoallv,873,0.015008500000000001,0.013498,0.01592,0.0015105000000000014,0.0024220000000000005,1.7191867124856817e-05,1.8235967926689575e-05
nacl_medium_rep01_np4_omp2,medium,01,4,2,3.53,4,PW_Basis_K,gatherp_pack,873,0.00324875,0.003132,0.003324,0.0001167500000000001,0.00019200000000000033,3.7213631156930125e-06,3.807560137457045e-06
nacl_medium_rep01_np4_omp2,medium,01,4,2,3.53,4,PW_Basis_K,gatherp_scatters,873,0.0227025,0.021499,0.023674,0.0012034999999999997,0.002175,2.6005154639175257e-05,2.7117983963344788e-05
nacl_medium_rep01_np4_omp2,medium,01,4,2,3.53,4,PW_Basis_K,gatherp_unpack,873,0.0037185,0.003497,0.003991,0.0002214999999999999,0.0004939999999999996,4.259450171821306e-06,4.5715922107674685e-06
nacl_medium_rep01_np4_omp2,medium,01,4,2,3.53,4,PW_Basis_K,gathers_alltoallv,1017,0.01444625,0.013073,0.01568,0.0013732500000000012,0.002607,1.4204768928220256e-05,1.5417895771878072e-05
nacl_medium_rep01_np4_omp2,medium,01,4,2,3.53,4,PW_Basis_K,gathers_clear,1017,0.0050869999999999995,0.004902,0.005176,0.0001849999999999994,0.00027399999999999994,5.0019665683382495e-06,5.089478859390364e-06
nacl_medium_rep01_np4_omp2,medium,01,4,2,3.53,4,PW_Basis_K,gathers_pack,1017,0.0037904999999999996,0.003546,0.004137,0.0002444999999999995,0.0005909999999999999,3.727138643067846e-06,4.067846607669616e-06
nacl_medium_rep01_np4_omp2,medium,01,4,2,3.53,4,PW_Basis_K,gathers_scatterp,1017,0.028246,0.02739,0.029463,0.0008559999999999991,0.0020729999999999985,2.777384464110128e-05,2.8970501474926253e-05
nacl_medium_rep01_np4_omp2,medium,01,4,2,3.53,4,PW_Basis_K,gathers_unpack,1017,0.0039875,0.003707,0.004137,0.00028049999999999993,0.00043000000000000026,3.920845624385447e-06,4.067846607669616e-06
nacl_medium_rep01_np4_omp2,medium,01,4,2,3.53,4,PW_Basis_Sup,gatherp_alltoallv,65,0.03360875,0.02579,0.042185,0.00781875,0.016395,0.0005170576923076923,0.0006490000000000001
nacl_medium_rep01_np4_omp2,medium,01,4,2,3.53,4,PW_Basis_Sup,gatherp_pack,65,0.006784749999999999,0.00646,0.007145,0.0003247499999999995,0.0006850000000000007,0.00010438076923076921,0.00010992307692307693
nacl_medium_rep01_np4_omp2,medium,01,4,2,3.53,4,PW_Basis_Sup,gatherp_scatters,65,0.053856749999999995,0.046999,0.061766,0.006857749999999996,0.014767000000000002,0.0008285653846153845,0.0009502461538461539
nacl_medium_rep01_np4_omp2,medium,01,4,2,3.53,4,PW_Basis_Sup,gatherp_unpack,65,0.0134035,0.012253,0.014298,0.0011505000000000005,0.002045,0.00020620769230769232,0.00021996923076923077
nacl_medium_rep01_np4_omp2,medium,01,4,2,3.53,4,PW_Basis_Sup,gathers_alltoallv,49,0.026720999999999998,0.023241,0.030723,0.003479999999999997,0.007481999999999999,0.0005453265306122448,0.000627
nacl_medium_rep01_np4_omp2,medium,01,4,2,3.53,4,PW_Basis_Sup,gathers_clear,49,0.0055205,0.005367,0.005929,0.0001535,0.000562,0.00011266326530612245,0.000121
nacl_medium_rep01_np4_omp2,medium,01,4,2,3.53,4,PW_Basis_Sup,gathers_pack,49,0.0057405,0.005327,0.006112,0.0004134999999999998,0.0007850000000000001,0.0001171530612244898,0.00012473469387755103
nacl_medium_rep01_np4_omp2,medium,01,4,2,3.53,4,PW_Basis_Sup,gathers_scatterp,49,0.045663249999999996,0.042519,0.048713,0.0031442499999999943,0.006193999999999998,0.0009319030612244897,0.000994142857142857
nacl_medium_rep01_np4_omp2,medium,01,4,2,3.53,4,PW_Basis_Sup,gathers_unpack,49,0.00762925,0.007244,0.008004,0.0003852500000000002,0.0007600000000000011,0.00015569897959183672,0.00016334693877551021
nacl_medium_rep01_np8_omp2,medium,01,8,2,2.93,8,PW_Basis_K,gatherp_alltoallv,873,0.0265735,0.019401,0.032021,0.007172499999999998,0.01262,3.0439289805269186e-05,3.667926689576174e-05
nacl_medium_rep01_np8_omp2,medium,01,8,2,2.93,8,PW_Basis_K,gatherp_pack,873,0.0024697499999999997,0.002164,0.002617,0.0003057499999999996,0.00045299999999999984,2.829037800687285e-06,2.997709049255441e-06
nacl_medium_rep01_np8_omp2,medium,01,8,2,2.93,8,PW_Basis_K,gatherp_scatters,873,0.032150625,0.025238,0.037047,0.006912625000000002,0.011808999999999997,3.6827749140893475e-05,4.243642611683848e-05
nacl_medium_rep01_np8_omp2,medium,01,8,2,2.93,8,PW_Basis_K,gatherp_unpack,873,0.002469875,0.002261,0.002782,0.00020887499999999986,0.0005210000000000002,2.82918098510882e-06,3.186712485681558e-06
nacl_medium_rep01_np8_omp2,medium,01,8,2,2.93,8,PW_Basis_K,gathers_alltoallv,1017,0.023037000000000002,0.021986,0.024116,0.0010510000000000033,0.00213,2.2651917404129796e-05,2.3712881022615535e-05
nacl_medium_rep01_np8_omp2,medium,01,8,2,2.93,8,PW_Basis_K,gathers_clear,1017,0.00350125,0.003089,0.003884,0.00041224999999999986,0.0007949999999999997,3.442723697148476e-06,3.819075712881022e-06
nacl_medium_rep01_np8_omp2,medium,01,8,2,2.93,8,PW_Basis_K,gathers_pack,1017,0.002852375,0.002557,0.003076,0.00029537500000000006,0.0005190000000000004,2.804695181907571e-06,3.024582104228122e-06
nacl_medium_rep01_np8_omp2,medium,01,8,2,2.93,8,PW_Basis_K,gathers_scatterp,1017,0.033338875000000004,0.032822,0.034025,0.0005168750000000069,0.0012030000000000027,3.278158800393314e-05,3.345624385447394e-05
nacl_medium_rep01_np8_omp2,medium,01,8,2,2.93,8,PW_Basis_K,gathers_unpack,1017,0.0030197500000000003,0.002552,0.003323,0.0004677500000000003,0.000771,2.969272369714848e-06,3.2674532940019666e-06
nacl_medium_rep01_np8_omp2,medium,01,8,2,2.93,8,PW_Basis_Sup,gatherp_alltoallv,65,0.02445925,0.020511,0.029148,0.003948249999999997,0.008636999999999999,0.00037629615384615384,0.00044843076923076924
nacl_medium_rep01_np8_omp2,medium,01,8,2,2.93,8,PW_Basis_Sup,gatherp_pack,65,0.0041225,0.003919,0.004471,0.00020350000000000056,0.0005520000000000004,6.342307692307692e-05,6.878461538461539e-05
nacl_medium_rep01_np8_omp2,medium,01,8,2,2.93,8,PW_Basis_Sup,gatherp_scatters,65,0.03612749999999999,0.032565,0.040448,0.0035624999999999962,0.007883000000000001,0.0005558076923076923,0.000622276923076923
nacl_medium_rep01_np8_omp2,medium,01,8,2,2.93,8,PW_Basis_Sup,gatherp_unpack,65,0.007492375000000001,0.007202,0.007702,0.0002903750000000007,0.0004999999999999996,0.0001152673076923077,0.00011849230769230768
nacl_medium_rep01_np8_omp2,medium,01,8,2,2.93,8,PW_Basis_Sup,gathers_alltoallv,49,0.02407925,0.019659,0.027489,0.004420250000000001,0.00783,0.0004914132653061225,0.000561
nacl_medium_rep01_np8_omp2,medium,01,8,2,2.93,8,PW_Basis_Sup,gathers_clear,49,0.004059125,0.003905,0.004262,0.00015412500000000018,0.0003570000000000001,8.283928571428572e-05,8.69795918367347e-05
nacl_medium_rep01_np8_omp2,medium,01,8,2,2.93,8,PW_Basis_Sup,gathers_pack,49,0.0029082500000000002,0.002726,0.003115,0.00018225000000000012,0.000389,5.935204081632654e-05,6.357142857142857e-05
nacl_medium_rep01_np8_omp2,medium,01,8,2,2.93,8,PW_Basis_Sup,gathers_scatterp,49,0.034509374999999995,0.030502,0.037424,0.004007374999999994,0.006921999999999998,0.0007042729591836734,0.0007637551020408163
nacl_medium_rep01_np8_omp2,medium,01,8,2,2.93,8,PW_Basis_Sup,gathers_unpack,49,0.003414,0.003225,0.003664,0.00018899999999999993,0.00043900000000000015,6.96734693877551e-05,7.477551020408163e-05
nacl_medium_rep02_np1_omp1,medium,02,1,1,8.19,1,PW_Basis_K,gatherp_scatters,873,0.003127,0.003127,0.003127,0.0,0.0,3.581901489117984e-06,3.581901489117984e-06
nacl_medium_rep02_np1_omp1,medium,02,1,1,8.19,1,PW_Basis_K,gathers_scatterp,1017,0.007253,0.007253,0.007253,0.0,0.0,7.131760078662733e-06,7.131760078662733e-06
nacl_medium_rep02_np1_omp1,medium,02,1,1,8.19,1,PW_Basis_Sup,gatherp_scatters,65,0.026488,0.026488,0.026488,0.0,0.0,0.00040750769230769233,0.00040750769230769233
nacl_medium_rep02_np1_omp1,medium,02,1,1,8.19,1,PW_Basis_Sup,gathers_scatterp,49,0.034462,0.034462,0.034462,0.0,0.0,0.0007033061224489796,0.0007033061224489796
nacl_medium_rep02_np2_omp1,medium,02,2,1,5.07,2,PW_Basis_K,gatherp_alltoallv,873,0.0053655000000000005,0.003693,0.007038,0.0016725000000000004,0.003345,6.146048109965636e-06,8.061855670103093e-06
nacl_medium_rep02_np2_omp1,medium,02,2,1,5.07,2,PW_Basis_K,gatherp_pack,873,0.001556,0.00151,0.001602,4.6000000000000034e-05,9.199999999999985e-05,1.7823596792668959e-06,1.8350515463917525e-06
nacl_medium_rep02_np2_omp1,medium,02,2,1,5.07,2,PW_Basis_K,gatherp_scatters,873,0.009901,0.008205,0.011597,0.0016959999999999996,0.003391999999999999,1.134135166093929e-05,1.3284077892325314e-05
nacl_medium_rep02_np2_omp1,medium,02,2,1,5.07,2,PW_Basis_K,gatherp_unpack,873,0.002457,0.002384,0.00253,7.300000000000015e-05,0.0001460000000000003,2.8144329896907217e-06,2.898052691867125e-06
nacl_medium_rep02_np2_omp1,medium,02,2,1,5.07,2,PW_Basis_K,gathers_alltoallv,1017,0.0059305,0.005649,0.006212,0.00028149999999999963,0.0005629999999999993,5.831366764995083e-06,6.108161258603736e-06
nacl_medium_rep02_np2_omp1,medium,02,2,1,5.07,2,PW_Basis_K,gathers_clear,1017,0.003271,0.003179,0.003363,9.200000000000007e-05,0.00018400000000000014,3.216322517207473e-06,3.3067846607669617e-06
nacl_medium_rep02_np2_omp1,medium,02,2,1,5.07,2,PW_Basis_K,gathers_pack,1017,0.0017009999999999998,0.001697,0.001705,3.99999999999988e-06,7.999999999999978e-06,1.6725663716814157e-06,1.6764995083579153e-06
nacl_medium_rep02_np2_omp1,medium,02,2,1,5.07,2,PW_Basis_K,gathers_scatterp,1017,0.0132145,0.012871,0.013558,0.00034350000000000006,0.0006870000000000001,1.2993608652900689e-05,1.3331366764995083e-05
nacl_medium_rep02_np2_omp1,medium,02,2,1,5.07,2,PW_Basis_K,gathers_unpack,1017,0.0016315,0.001597,0.001666,3.4500000000000025e-05,6.900000000000005e-05,1.6042281219272369e-06,1.6381514257620452e-06
nacl_medium_rep02_np2_omp1,medium,02,2,1,5.07,2,PW_Basis_Sup,gatherp_alltoallv,65,0.0210305,0.015281,0.02678,0.005749500000000001,0.011499000000000002,0.00032354615384615383,0.00041200000000000004
nacl_medium_rep02_np2_omp1,medium,02,2,1,5.07,2,PW_Basis_Sup,gatherp_pack,65,0.0144295,0.014367,0.014492,6.250000000000006e-05,0.0001250000000000001,0.00022199230769230768,0.00022295384615384615
nacl_medium_rep02_np2_omp1,medium,02,2,1,5.07,2,PW_Basis_Sup,gatherp_scatters,65,0.048642500000000005,0.043006,0.054279,0.005636500000000003,0.011272999999999998,0.0007483461538461539,0.0008350615384615385
nacl_medium_rep02_np2_omp1,medium,02,2,1,5.07,2,PW_Basis_Sup,gatherp_unpack,65,0.013093500000000001,0.013035,0.013152,5.850000000000126e-05,0.00011700000000000078,0.00020143846153846155,0.00020233846153846154
nacl_medium_rep02_np2_omp1,medium,02,2,1,5.07,2,PW_Basis_Sup,gathers_alltoallv,49,0.014214,0.012773,0.015655,0.0014409999999999996,0.002881999999999999,0.0002900816326530612,0.0003194897959183673
nacl_medium_rep02_np2_omp1,medium,02,2,1,5.07,2,PW_Basis_Sup,gathers_clear,49,0.009760999999999999,0.009741,0.009781,1.9999999999999185e-05,4.0000000000000105e-05,0.00019920408163265303,0.00019961224489795917
nacl_medium_rep02_np2_omp1,medium,02,2,1,5.07,2,PW_Basis_Sup,gathers_pack,49,0.011393,0.011309,0.011477,8.400000000000074e-05,0.00016799999999999975,0.00023251020408163265,0.00023422448979591834
nacl_medium_rep02_np2_omp1,medium,02,2,1,5.07,2,PW_Basis_Sup,gathers_scatterp,49,0.040609,0.039226,0.041992,0.0013830000000000023,0.0027660000000000046,0.0008287551020408164,0.0008569795918367347
nacl_medium_rep02_np2_omp1,medium,02,2,1,5.07,2,PW_Basis_Sup,gathers_unpack,49,0.005164500000000001,0.005118,0.005211,4.6500000000000534e-05,9.30000000000002e-05,0.00010539795918367348,0.00010634693877551021
nacl_medium_rep02_np4_omp1,medium,02,4,1,3.5,4,PW_Basis_K,gatherp_alltoallv,873,0.014778749999999998,0.011255,0.016132,0.003523749999999999,0.004877000000000001,1.69286941580756e-05,1.847880870561283e-05
nacl_medium_rep02_np4_omp1,medium,02,4,1,3.5,4,PW_Basis_K,gatherp_pack,873,0.000918,0.000895,0.000978,2.3000000000000017e-05,8.299999999999996e-05,1.0515463917525774e-06,1.1202749140893469e-06
nacl_medium_rep02_np4_omp1,medium,02,4,1,3.5,4,PW_Basis_K,gatherp_scatters,873,0.017142249999999998,0.013677,0.018497,0.003465249999999998,0.00482,1.963602520045819e-05,2.1187857961053838e-05
nacl_medium_rep02_np4_omp1,medium,02,4,1,3.5,4,PW_Basis_K,gatherp_unpack,873,0.0009255,0.000906,0.00095,1.9499999999999986e-05,4.3999999999999985e-05,1.0601374570446736e-06,1.0882016036655212e-06
nacl_medium_rep02_np4_omp1,medium,02,4,1,3.5,4,PW_Basis_K,gathers_alltoallv,1017,0.011837999999999998,0.011636,0.011972,0.00020199999999999732,0.0003359999999999995,1.1640117994100293e-05,1.1771878072763028e-05
nacl_medium_rep02_np4_omp1,medium,02,4,1,3.5,4,PW_Basis_K,gathers_clear,1017,0.0012360000000000001,0.001198,0.001321,3.8000000000000056e-05,0.00012299999999999985,1.2153392330383483e-06,1.2989183874139626e-06
nacl_medium_rep02_np4_omp1,medium,02,4,1,3.5,4,PW_Basis_K,gathers_pack,1017,0.0010710000000000001,0.001044,0.00112,2.7000000000000114e-05,7.59999999999999e-05,1.0530973451327435e-06,1.1012782694198622e-06
nacl_medium_rep02_np4_omp1,medium,02,4,1,3.5,4,PW_Basis_K,gathers_scatterp,1017,0.01590825,0.015874,0.015931,3.424999999999956e-05,5.7000000000001494e-05,1.5642330383480824e-05,1.566470009832842e-05
nacl_medium_rep02_np4_omp1,medium,02,4,1,3.5,4,PW_Basis_K,gathers_unpack,1017,0.00106675,0.001023,0.001152,4.374999999999995e-05,0.000129,1.0489183874139627e-06,1.1327433628318585e-06
nacl_medium_rep02_np4_omp1,medium,02,4,1,3.5,4,PW_Basis_Sup,gatherp_alltoallv,65,0.023555,0.021367,0.025249,0.002187999999999999,0.003882,0.0003623846153846154,0.00038844615384615383
nacl_medium_rep02_np4_omp1,medium,02,4,1,3.5,4,PW_Basis_Sup,gatherp_pack,65,0.00412675,0.004115,0.004137,1.1750000000000475e-05,2.2000000000000318e-05,6.348846153846154e-05,6.364615384615384e-05
nacl_medium_rep02_np4_omp1,medium,02,4,1,3.5,4,PW_Basis_Sup,gatherp_scatters,65,0.0432105,0.041072,0.045307,0.0021385000000000015,0.004235000000000003,0.000664776923076923,0.0006970307692307692
nacl_medium_rep02_np4_omp1,medium,02,4,1,3.5,4,PW_Basis_Sup,gatherp_unpack,65,0.0154765,0.014954,0.015878,0.0005225000000000004,0.0009239999999999995,0.00023810000000000001,0.0002442769230769231
nacl_medium_rep02_np4_omp1,medium,02,4,1,3.5,4,PW_Basis_Sup,gathers_alltoallv,49,0.020328,0.018256,0.021555,0.0020719999999999975,0.003299,0.0004148571428571428,0.0004398979591836735
nacl_medium_rep02_np4_omp1,medium,02,4,1,3.5,4,PW_Basis_Sup,gathers_clear,49,0.006744999999999999,0.006547,0.007102,0.0001979999999999994,0.0005549999999999999,0.00013765306122448978,0.00014493877551020407
nacl_medium_rep02_np4_omp1,medium,02,4,1,3.5,4,PW_Basis_Sup,gathers_pack,49,0.003566,0.003324,0.004057,0.00024200000000000003,0.0007329999999999997,7.277551020408164e-05,8.279591836734694e-05
nacl_medium_rep02_np4_omp1,medium,02,4,1,3.5,4,PW_Basis_Sup,gathers_scatterp,49,0.033319749999999995,0.031027,0.034292,0.002292749999999996,0.003265000000000004,0.0006799948979591835,0.0006998367346938776
nacl_medium_rep02_np4_omp1,medium,02,4,1,3.5,4,PW_Basis_Sup,gathers_unpack,49,0.0026282500000000004,0.002605,0.002641,2.3250000000000267e-05,3.600000000000001e-05,5.3637755102040826e-05,5.389795918367347e-05
nacl_medium_rep02_np8_omp1,medium,02,8,1,2.8,8,PW_Basis_K,gatherp_alltoallv,873,0.020852125000000003,0.018265,0.021576,0.0025871250000000026,0.0033110000000000014,2.388559564719359e-05,2.4714776632302408e-05
nacl_medium_rep02_np8_omp1,medium,02,8,1,2.8,8,PW_Basis_K,gatherp_pack,873,0.000636625,0.000618,0.000706,1.8625000000000087e-05,8.800000000000008e-05,7.292382588774341e-07,8.087056128293243e-07
nacl_medium_rep02_np8_omp1,medium,02,8,1,2.8,8,PW_Basis_K,gatherp_scatters,873,0.022759249999999998,0.020227,0.023454,0.0025322499999999998,0.0032270000000000007,2.6070160366552116e-05,2.68659793814433e-05
nacl_medium_rep02_np8_omp1,medium,02,8,1,2.8,8,PW_Basis_K,gatherp_unpack,873,0.0007542499999999999,0.000738,0.000767,1.624999999999988e-05,2.8999999999999946e-05,8.639747995418098e-07,8.785796105383734e-07
nacl_medium_rep02_np8_omp1,medium,02,8,1,2.8,8,PW_Basis_K,gathers_alltoallv,1017,0.019991125,0.019817,0.020211,0.0001741249999999972,0.0003939999999999985,1.9656956735496558e-05,1.987315634218289e-05
nacl_medium_rep02_np8_omp1,medium,02,8,1,2.8,8,PW_Basis_K,gathers_clear,1017,0.000834875,0.000815,0.000935,1.9875000000000036e-05,0.00011999999999999999,8.209193706981318e-07,9.1937069813176e-07
nacl_medium_rep02_np8_omp1,medium,02,8,1,2.8,8,PW_Basis_K,gathers_pack,1017,0.0008312500000000001,0.000795,0.00087,3.625000000000004e-05,7.499999999999998e-05,8.173549655850541e-07,8.55457227138643e-07
nacl_medium_rep02_np8_omp1,medium,02,8,1,2.8,8,PW_Basis_K,gathers_scatterp,1017,0.023121875,0.022953,0.02324,0.0001688749999999989,0.00028699999999999906,2.273537364798427e-05,2.2851524090462145e-05
nacl_medium_rep02_np8_omp1,medium,02,8,1,2.8,8,PW_Basis_K,gathers_unpack,1017,0.0007796249999999999,0.000738,0.000829,4.162499999999989e-05,9.099999999999994e-05,7.665929203539822e-07,8.151425762045231e-07
nacl_medium_rep02_np8_omp1,medium,02,8,1,2.8,8,PW_Basis_Sup,gatherp_alltoallv,65,0.017163125,0.016005,0.018665,0.001158125000000003,0.0026600000000000026,0.0002640480769230769,0.00028715384615384616
nacl_medium_rep02_np8_omp1,medium,02,8,1,2.8,8,PW_Basis_Sup,gatherp_pack,65,0.0017230000000000001,0.001662,0.001777,6.100000000000007e-05,0.00011499999999999987,2.650769230769231e-05,2.7338461538461537e-05
nacl_medium_rep02_np8_omp1,medium,02,8,1,2.8,8,PW_Basis_Sup,gatherp_scatters,65,0.03137025,0.030176,0.032972,0.0011942500000000009,0.002796,0.0004826192307692308,0.0005072615384615384
nacl_medium_rep02_np8_omp1,medium,02,8,1,2.8,8,PW_Basis_Sup,gatherp_unpack,65,0.012436874999999998,0.012236,0.01268,0.00020087499999999793,0.00044399999999999995,0.00019133653846153845,0.00019507692307692309
nacl_medium_rep02_np8_omp1,medium,02,8,1,2.8,8,PW_Basis_Sup,gathers_alltoallv,49,0.015672375,0.013155,0.017519,0.0025173749999999988,0.004364,0.000319844387755102,0.00035753061224489796
nacl_medium_rep02_np8_omp1,medium,02,8,1,2.8,8,PW_Basis_Sup,gathers_clear,49,0.004293125,0.004206,0.004346,8.71250000000004e-05,0.00014000000000000037,8.761479591836735e-05,8.86938775510204e-05
nacl_medium_rep02_np8_omp1,medium,02,8,1,2.8,8,PW_Basis_Sup,gathers_pack,49,0.0015341249999999997,0.001401,0.001644,0.00013312499999999978,0.00024300000000000016,3.1308673469387746e-05,3.355102040816327e-05
nacl_medium_rep02_np8_omp1,medium,02,8,1,2.8,8,PW_Basis_Sup,gathers_scatterp,49,0.022629625,0.020233,0.024357,0.0023966249999999995,0.004123999999999999,0.0004618290816326531,0.0004970816326530613
nacl_medium_rep02_np8_omp1,medium,02,8,1,2.8,8,PW_Basis_Sup,gathers_unpack,49,0.00108525,0.001076,0.001092,9.250000000000144e-06,1.6000000000000172e-05,2.214795918367347e-05,2.2285714285714287e-05
nacl_medium_rep02_np4_omp2,medium,02,4,2,3.48,4,PW_Basis_K,gatherp_alltoallv,873,0.01604,0.013282,0.018825,0.0027579999999999983,0.005543000000000001,1.8373424971363115e-05,2.1563573883161512e-05
nacl_medium_rep02_np4_omp2,medium,02,4,2,3.48,4,PW_Basis_K,gatherp_pack,873,0.00316725,0.002963,0.003367,0.00020425,0.0004040000000000003,3.6280068728522335e-06,3.856815578465063e-06
nacl_medium_rep02_np4_omp2,medium,02,4,2,3.48,4,PW_Basis_K,gatherp_scatters,873,0.023581500000000002,0.021235,0.025773,0.0023465000000000014,0.004538,2.7012027491408938e-05,2.952233676975945e-05
nacl_medium_rep02_np4_omp2,medium,02,4,2,3.48,4,PW_Basis_K,gatherp_unpack,873,0.003711,0.00344,0.003906,0.000271,0.00046600000000000027,4.250859106529209e-06,4.474226804123711e-06
nacl_medium_rep02_np4_omp2,medium,02,4,2,3.48,4,PW_Basis_K,gathers_alltoallv,1017,0.0143235,0.013216,0.015036,0.0011074999999999991,0.0018200000000000004,1.4084070796460177e-05,1.4784660766961652e-05
nacl_medium_rep02_np4_omp2,medium,02,4,2,3.48,4,PW_Basis_K,gathers_clear,1017,0.00492475,0.004336,0.005266,0.0005887500000000007,0.0009300000000000003,4.842428711897739e-06,5.177974434611602e-06
nacl_medium_rep02_np4_omp2,medium,02,4,2,3.48,4,PW_Basis_K,gathers_pack,1017,0.00370625,0.003531,0.003911,0.00017525000000000006,0.00038000000000000056,3.644296951819076e-06,3.845624385447395e-06
nacl_medium_rep02_np4_omp2,medium,02,4,2,3.48,4,PW_Basis_K,gathers_scatterp,1017,0.027741000000000002,0.026936,0.029098,0.0008050000000000002,0.0021619999999999973,2.7277286135693217e-05,2.8611602753195674e-05
nacl_medium_rep02_np4_omp2,medium,02,4,2,3.48,4,PW_Basis_K,gathers_unpack,1017,0.0038299999999999996,0.003408,0.004253,0.00042199999999999963,0.0008449999999999998,3.765978367748279e-06,4.181907571288102e-06
nacl_medium_rep02_np4_omp2,medium,02,4,2,3.48,4,PW_Basis_Sup,gatherp_alltoallv,65,0.028791249999999997,0.024418,0.032153,0.004373249999999999,0.007735000000000002,0.00044294230769230766,0.0004946615384615385
nacl_medium_rep02_np4_omp2,medium,02,4,2,3.48,4,PW_Basis_Sup,gatherp_pack,65,0.00667575,0.006529,0.006806,0.00014675000000000018,0.00027700000000000034,0.00010270384615384616,0.00010470769230769232
nacl_medium_rep02_np4_omp2,medium,02,4,2,3.48,4,PW_Basis_Sup,gatherp_scatters,65,0.04882875,0.045204,0.051967,0.003624749999999996,0.006762999999999998,0.0007512115384615384,0.0007994923076923077
nacl_medium_rep02_np4_omp2,medium,02,4,2,3.48,4,PW_Basis_Sup,gatherp_unpack,65,0.013302250000000002,0.01263,0.014016,0.000672250000000001,0.001386,0.00020465000000000001,0.00021563076923076924
nacl_medium_rep02_np4_omp2,medium,02,4,2,3.48,4,PW_Basis_Sup,gathers_alltoallv,49,0.03218925,0.019131,0.041073,0.013058250000000004,0.021942,0.0006569234693877551,0.0008382244897959184
nacl_medium_rep02_np4_omp2,medium,02,4,2,3.48,4,PW_Basis_Sup,gathers_clear,49,0.00562175,0.005411,0.005917,0.00021075,0.0005060000000000004,0.0001147295918367347,0.00012075510204081634
nacl_medium_rep02_np4_omp2,medium,02,4,2,3.48,4,PW_Basis_Sup,gathers_pack,49,0.0054935,0.005414,0.00555,7.949999999999971e-05,0.00013599999999999984,0.00011211224489795918,0.00011326530612244898
nacl_medium_rep02_np4_omp2,medium,02,4,2,3.48,4,PW_Basis_Sup,gathers_scatterp,49,0.0509215,0.03804,0.059698,0.012881500000000004,0.021658000000000004,0.0010392142857142857,0.001218326530612245
nacl_medium_rep02_np4_omp2,medium,02,4,2,3.48,4,PW_Basis_Sup,gathers_unpack,49,0.00756,0.007355,0.007754,0.00020499999999999945,0.0003989999999999992,0.00015428571428571428,0.00015824489795918367
nacl_medium_rep02_np8_omp2,medium,02,8,2,2.9,8,PW_Basis_K,gatherp_alltoallv,873,0.044329,0.030296,0.049756,0.014033,0.01946,5.0777777777777776e-05,5.6994272623138606e-05
nacl_medium_rep02_np8_omp2,medium,02,8,2,2.9,8,PW_Basis_K,gatherp_pack,873,0.002657875,0.002362,0.003257,0.00029587500000000013,0.000895,3.0445303550973655e-06,3.7308132875143184e-06
nacl_medium_rep02_np8_omp2,medium,02,8,2,2.9,8,PW_Basis_K,gatherp_scatters,873,0.050354249999999996,0.037471,0.055289,0.012883249999999999,0.017818,5.7679553264604806e-05,6.333218785796105e-05
nacl_medium_rep02_np8_omp2,medium,02,8,2,2.9,8,PW_Basis_K,gatherp_unpack,873,0.002666,0.002288,0.003114,0.00037799999999999986,0.0008259999999999999,3.0538373424971364e-06,3.5670103092783506e-06
nacl_medium_rep02_np8_omp2,medium,02,8,2,2.9,8,PW_Basis_K,gathers_alltoallv,1017,0.024626750000000003,0.021627,0.02647,0.0029997500000000024,0.004843,2.421509341199607e-05,2.6027531956735497e-05
nacl_medium_rep02_np8_omp2,medium,02,8,2,2.9,8,PW_Basis_K,gathers_clear,1017,0.004994375,0.003258,0.014071,0.0017363749999999996,0.010813,4.910889872173058e-06,1.3835791543756146e-05
nacl_medium_rep02_np8_omp2,medium,02,8,2,2.9,8,PW_Basis_K,gathers_pack,1017,0.002996375,0.002625,0.003553,0.00037137499999999974,0.000928,2.9462881022615535e-06,3.4936086529006886e-06
nacl_medium_rep02_np8_omp2,medium,02,8,2,2.9,8,PW_Basis_K,gathers_scatterp,1017,0.036632875,0.034451,0.044826,0.002181875,0.010374999999999995,3.602052605703049e-05,4.407669616519174e-05
nacl_medium_rep02_np8_omp2,medium,02,8,2,2.9,8,PW_Basis_K,gathers_unpack,1017,0.0031242500000000003,0.002704,0.004014,0.0004202500000000005,0.0013100000000000004,3.0720255653883975e-06,3.946902654867257e-06
nacl_medium_rep02_np8_omp2,medium,02,8,2,2.9,8,PW_Basis_Sup,gatherp_alltoallv,65,0.029395875000000002,0.024605,0.033882,0.0047908750000000035,0.009277000000000004,0.0004522442307692308,0.0005212615384615385
nacl_medium_rep02_np8_omp2,medium,02,8,2,2.9,8,PW_Basis_Sup,gatherp_pack,65,0.0042266249999999995,0.003953,0.00444,0.00027362499999999956,0.00048700000000000045,6.5025e-05,6.830769230769232e-05
nacl_medium_rep02_np8_omp2,medium,02,8,2,2.9,8,PW_Basis_Sup,gatherp_scatters,65,0.041273750000000005,0.036811,0.045238,0.0044627500000000014,0.008426999999999997,0.0006349807692307693,0.0006959692307692308
nacl_medium_rep02_np8_omp2,medium,02,8,2,2.9,8,PW_Basis_Sup,gatherp_unpack,65,0.007598124999999999,0.00728,0.007836,0.00031812499999999896,0.0005559999999999992,0.00011689423076923075,0.00012055384615384614
nacl_medium_rep02_np8_omp2,medium,02,8,2,2.9,8,PW_Basis_Sup,gathers_alltoallv,49,0.026398625000000002,0.017762,0.032593,0.008636625000000002,0.014830999999999997,0.0005387474489795919,0.0006651632653061224
nacl_medium_rep02_np8_omp2,medium,02,8,2,2.9,8,PW_Basis_Sup,gathers_clear,49,0.004024375,0.0039,0.004142,0.00012437500000000035,0.00024200000000000003,8.213010204081634e-05,8.453061224489796e-05
nacl_medium_rep02_np8_omp2,medium,02,8,2,2.9,8,PW_Basis_Sup,gathers_pack,49,0.003059,0.0028,0.003288,0.0002590000000000001,0.00048800000000000015,6.242857142857143e-05,6.710204081632654e-05
nacl_medium_rep02_np8_omp2,medium,02,8,2,2.9,8,PW_Basis_Sup,gathers_scatterp,49,0.0370355,0.0285,0.042849,0.008535499999999998,0.014348999999999997,0.0007558265306122449,0.000874469387755102
nacl_medium_rep02_np8_omp2,medium,02,8,2,2.9,8,PW_Basis_Sup,gathers_unpack,49,0.0034997500000000003,0.003271,0.003643,0.00022875000000000022,0.00037199999999999993,7.14234693877551e-05,7.43469387755102e-05
nacl_medium_rep03_np1_omp1,medium,03,1,1,8.17,1,PW_Basis_K,gatherp_scatters,873,0.003132,0.003132,0.003132,0.0,0.0,3.587628865979381e-06,3.587628865979381e-06
nacl_medium_rep03_np1_omp1,medium,03,1,1,8.17,1,PW_Basis_K,gathers_scatterp,1017,0.007181,0.007181,0.007181,0.0,0.0,7.060963618485743e-06,7.060963618485743e-06
nacl_medium_rep03_np1_omp1,medium,03,1,1,8.17,1,PW_Basis_Sup,gatherp_scatters,65,0.025969,0.025969,0.025969,0.0,0.0,0.0003995230769230769,0.0003995230769230769
nacl_medium_rep03_np1_omp1,medium,03,1,1,8.17,1,PW_Basis_Sup,gathers_scatterp,49,0.034165,0.034165,0.034165,0.0,0.0,0.0006972448979591836,0.0006972448979591836
nacl_medium_rep03_np2_omp1,medium,03,2,1,5.14,2,PW_Basis_K,gatherp_alltoallv,873,0.007114,0.005077,0.009151,0.0020369999999999997,0.0040739999999999995,8.148911798396333e-06,1.0482245131729667e-05
nacl_medium_rep03_np2_omp1,medium,03,2,1,5.14,2,PW_Basis_K,gatherp_pack,873,0.0015475,0.001487,0.001608,6.050000000000001e-05,0.00012100000000000001,1.77262313860252e-06,1.8419243986254295e-06
nacl_medium_rep03_np2_omp1,medium,03,2,1,5.14,2,PW_Basis_K,gatherp_scatters,873,0.0115355,0.009707,0.013364,0.0018285000000000003,0.003656999999999999,1.3213631156930126e-05,1.5308132875143183e-05
nacl_medium_rep03_np2_omp1,medium,03,2,1,5.14,2,PW_Basis_K,gatherp_unpack,873,0.002339,0.00219,0.002488,0.00014899999999999983,0.0002980000000000001,2.679266895761741e-06,2.8499427262313863e-06
nacl_medium_rep03_np2_omp1,medium,03,2,1,5.14,2,PW_Basis_K,gathers_alltoallv,1017,0.0046890000000000005,0.004429,0.004949,0.0002600000000000007,0.0005200000000000005,4.610619469026549e-06,4.866273352999017e-06
nacl_medium_rep03_np2_omp1,medium,03,2,1,5.14,2,PW_Basis_K,gathers_clear,1017,0.0034185,0.003295,0.003542,0.0001234999999999999,0.0002469999999999998,3.3613569321533923e-06,3.4827925270403146e-06
nacl_medium_rep03_np2_omp1,medium,03,2,1,5.14,2,PW_Basis_K,gathers_pack,1017,0.001694,0.001691,0.001697,2.9999999999999645e-06,5.999999999999929e-06,1.6656833824975417e-06,1.6686332350049164e-06
nacl_medium_rep03_np2_omp1,medium,03,2,1,5.14,2,PW_Basis_K,gathers_scatterp,1017,0.012131,0.012037,0.012225,9.39999999999986e-05,0.00018799999999999893,1.1928220255653883e-05,1.2020648967551622e-05
nacl_medium_rep03_np2_omp1,medium,03,2,1,5.14,2,PW_Basis_K,gathers_unpack,1017,0.0016325,0.001585,0.00168,4.7500000000000016e-05,9.500000000000003e-05,1.6052114060963618e-06,1.6519174041297937e-06
nacl_medium_rep03_np2_omp1,medium,03,2,1,5.14,2,PW_Basis_Sup,gatherp_alltoallv,65,0.024331,0.022962,0.0257,0.0013689999999999987,0.002738000000000001,0.0003743230769230769,0.00039538461538461537
nacl_medium_rep03_np2_omp1,medium,03,2,1,5.14,2,PW_Basis_Sup,gatherp_pack,65,0.014377000000000001,0.014353,0.014401,2.400000000000145e-05,4.800000000000117e-05,0.0002211846153846154,0.00022155384615384617
nacl_medium_rep03_np2_omp1,medium,03,2,1,5.14,2,PW_Basis_Sup,gatherp_scatters,65,0.052305500000000005,0.05113,0.053481,0.001175500000000003,0.002350999999999999,0.0008047000000000001,0.0008227846153846154
nacl_medium_rep03_np2_omp1,medium,03,2,1,5.14,2,PW_Basis_Sup,gatherp_unpack,65,0.013503000000000001,0.013284,0.013722,0.00021900000000000044,0.00043799999999999915,0.00020773846153846157,0.0002111076923076923
nacl_medium_rep03_np2_omp1,medium,03,2,1,5.14,2,PW_Basis_Sup,gathers_alltoallv,49,0.0301565,0.01643,0.043883,0.013726499999999999,0.027452999999999998,0.0006154387755102041,0.0008955714285714285
nacl_medium_rep03_np2_omp1,medium,03,2,1,5.14,2,PW_Basis_Sup,gathers_clear,49,0.0100455,0.009893,0.010198,0.00015249999999999986,0.0003049999999999997,0.00020501020408163266,0.00020812244897959185
nacl_medium_rep03_np2_omp1,medium,03,2,1,5.14,2,PW_Basis_Sup,gathers_pack,49,0.011439000000000001,0.011384,0.011494,5.500000000000123e-05,0.00011000000000000072,0.00023344897959183677,0.00023457142857142858
nacl_medium_rep03_np2_omp1,medium,03,2,1,5.14,2,PW_Basis_Sup,gathers_scatterp,49,0.056965,0.04345,0.07048,0.013515,0.02703,0.0011625510204081634,0.0014383673469387755
nacl_medium_rep03_np2_omp1,medium,03,2,1,5.14,2,PW_Basis_Sup,gathers_unpack,49,0.005241,0.005124,0.005358,0.00011699999999999992,0.00023399999999999983,0.00010695918367346938,0.0001093469387755102
nacl_medium_rep03_np4_omp1,medium,03,4,1,3.49,4,PW_Basis_K,gatherp_alltoallv,873,0.014269500000000001,0.010795,0.015487,0.0034745,0.004692,1.634536082474227e-05,1.7739977090492555e-05
nacl_medium_rep03_np4_omp1,medium,03,4,1,3.49,4,PW_Basis_K,gatherp_pack,873,0.0009157499999999999,0.00089,0.00098,2.5749999999999948e-05,9.000000000000002e-05,1.0489690721649483e-06,1.122565864833906e-06
nacl_medium_rep03_np4_omp1,medium,03,4,1,3.49,4,PW_Basis_K,gatherp_scatters,873,0.016642499999999998,0.013242,0.017853,0.0034004999999999973,0.0046110000000000005,1.906357388316151e-05,2.0450171821305843e-05
nacl_medium_rep03_np4_omp1,medium,03,4,1,3.49,4,PW_Basis_K,gatherp_unpack,873,0.00094425,0.000919,0.000974,2.524999999999999e-05,5.5000000000000036e-05,1.081615120274914e-06,1.1156930126002292e-06
nacl_medium_rep03_np4_omp1,medium,03,4,1,3.49,4,PW_Basis_K,gathers_alltoallv,1017,0.011986750000000001,0.011752,0.012158,0.00023475000000000058,0.0004060000000000001,1.1786381514257622e-05,1.1954768928220256e-05
nacl_medium_rep03_np4_omp1,medium,03,4,1,3.49,4,PW_Basis_K,gathers_clear,1017,0.0012274999999999999,0.001186,0.001323,4.149999999999987e-05,0.00013699999999999997,1.2069813176007864e-06,1.3008849557522123e-06
nacl_medium_rep03_np4_omp1,medium,03,4,1,3.49,4,PW_Basis_K,gathers_pack,1017,0.00105325,0.001041,0.001066,1.2249999999999891e-05,2.5000000000000066e-05,1.0356440511307767e-06,1.048180924287119e-06
nacl_medium_rep03_np4_omp1,medium,03,4,1,3.49,4,PW_Basis_K,gathers_scatterp,1017,0.01602325,0.015975,0.016128,4.824999999999968e-05,0.00015300000000000036,1.5755408062930188e-05,1.5858407079646016e-05
nacl_medium_rep03_np4_omp1,medium,03,4,1,3.49,4,PW_Basis_K,gathers_unpack,1017,0.001077,0.00102,0.001164,5.6999999999999976e-05,0.00014400000000000003,1.0589970501474926e-06,1.144542772861357e-06
nacl_medium_rep03_np4_omp1,medium,03,4,1,3.49,4,PW_Basis_Sup,gatherp_alltoallv,65,0.023241500000000002,0.021007,0.025731,0.0022345000000000004,0.004723999999999999,0.0003575615384615385,0.00039586153846153844
nacl_medium_rep03_np4_omp1,medium,03,4,1,3.49,4,PW_Basis_Sup,gatherp_pack,65,0.004146749999999999,0.004096,0.004171,5.074999999999958e-05,7.500000000000041e-05,6.379615384615383e-05,6.416923076923077e-05
nacl_medium_rep03_np4_omp1,medium,03,4,1,3.49,4,PW_Basis_Sup,gatherp_scatters,65,0.04303925,0.040995,0.045627,0.0020442500000000044,0.004632000000000004,0.0006621423076923077,0.0007019538461538462
nacl_medium_rep03_np4_omp1,medium,03,4,1,3.49,4,PW_Basis_Sup,gatherp_unpack,65,0.015596249999999999,0.015469,0.015763,0.0001272499999999989,0.0002939999999999991,0.00023994230769230768,0.0002425076923076923
nacl_medium_rep03_np4_omp1,medium,03,4,1,3.49,4,PW_Basis_Sup,gathers_alltoallv,49,0.01961525,0.018695,0.020692,0.0009202500000000009,0.0019969999999999988,0.00040031122448979593,0.00042228571428571423
nacl_medium_rep03_np4_omp1,medium,03,4,1,3.49,4,PW_Basis_Sup,gathers_clear,49,0.006620999999999999,0.006411,0.006764,0.00020999999999999925,0.000353,0.0001351224489795918,0.00013804081632653062
nacl_medium_rep03_np4_omp1,medium,03,4,1,3.49,4,PW_Basis_Sup,gathers_pack,49,0.00360275,0.003377,0.003855,0.00022575000000000026,0.0004780000000000001,7.352551020408163e-05,7.86734693877551e-05
nacl_medium_rep03_np4_omp1,medium,03,4,1,3.49,4,PW_Basis_Sup,gathers_scatterp,49,0.03253349999999999,0.031871,0.033195,0.0006624999999999964,0.0013240000000000057,0.0006639489795918366,0.0006774489795918368
nacl_medium_rep03_np4_omp1,medium,03,4,1,3.49,4,PW_Basis_Sup,gathers_unpack,49,0.0026435,0.002624,0.002663,1.9499999999999986e-05,3.899999999999997e-05,5.394897959183674e-05,5.434693877551021e-05
nacl_medium_rep03_np8_omp1,medium,03,8,1,2.87,8,PW_Basis_K,gatherp_alltoallv,873,0.020659,0.01817,0.021286,0.0024890000000000016,0.0031160000000000007,2.3664375715922108e-05,2.4382588774341352e-05
nacl_medium_rep03_np8_omp1,medium,03,8,1,2.87,8,PW_Basis_K,gatherp_pack,873,0.00063475,0.000611,0.000706,2.3750000000000008e-05,9.500000000000003e-05,7.270904925544101e-07,8.087056128293243e-07
nacl_medium_rep03_np8_omp1,medium,03,8,1,2.87,8,PW_Basis_K,gatherp_scatters,873,0.022569,0.020167,0.023148,0.002401999999999998,0.0029809999999999975,2.5852233676975945e-05,2.6515463917525773e-05
nacl_medium_rep03_np8_omp1,medium,03,8,1,2.87,8,PW_Basis_K,gatherp_unpack,873,0.000757625,0.000736,0.000775,2.162500000000005e-05,3.899999999999997e-05,8.678407789232532e-07,8.877434135166093e-07
nacl_medium_rep03_np8_omp1,medium,03,8,1,2.87,8,PW_Basis_K,gathers_alltoallv,1017,0.019668875,0.019457,0.019893,0.00021187500000000026,0.00043600000000000236,1.9340093411996065e-05,1.956047197640118e-05
nacl_medium_rep03_np8_omp1,medium,03,8,1,2.87,8,PW_Basis_K,gathers_clear,1017,0.0008471250000000001,0.000808,0.000948,3.91250000000001e-05,0.00013999999999999993,8.329646017699116e-07,9.321533923303835e-07
nacl_medium_rep03_np8_omp1,medium,03,8,1,2.87,8,PW_Basis_K,gathers_pack,1017,0.000834,0.000801,0.000864,3.300000000000004e-05,6.300000000000001e-05,8.200589970501475e-07,8.495575221238938e-07
nacl_medium_rep03_np8_omp1,medium,03,8,1,2.87,8,PW_Basis_K,gathers_scatterp,1017,0.022823249999999996,0.02265,0.023103,0.00017324999999999632,0.00045299999999999854,2.2441740412979348e-05,2.2716814159292034e-05
nacl_medium_rep03_np8_omp1,medium,03,8,1,2.87,8,PW_Basis_K,gathers_unpack,1017,0.0007804999999999999,0.000736,0.000807,4.449999999999994e-05,7.099999999999999e-05,7.674532940019665e-07,7.935103244837759e-07
nacl_medium_rep03_np8_omp1,medium,03,8,1,2.87,8,PW_Basis_Sup,gatherp_alltoallv,65,0.0172685,0.016472,0.018309,0.0007964999999999986,0.0018369999999999984,0.00026566923076923077,0.0002816769230769231
nacl_medium_rep03_np8_omp1,medium,03,8,1,2.87,8,PW_Basis_Sup,gatherp_pack,65,0.0016947500000000003,0.001667,0.001723,2.7750000000000214e-05,5.599999999999984e-05,2.6073076923076926e-05,2.6507692307692306e-05
nacl_medium_rep03_np8_omp1,medium,03,8,1,2.87,8,PW_Basis_Sup,gatherp_scatters,65,0.031510875,0.030717,0.032819,0.0007938749999999994,0.0021019999999999997,0.0004847826923076923,0.0005049076923076924
nacl_medium_rep03_np8_omp1,medium,03,8,1,2.87,8,PW_Basis_Sup,gatherp_unpack,65,0.01249975,0.012081,0.012796,0.0004187500000000007,0.0007150000000000004,0.00019230384615384616,0.00019686153846153846
nacl_medium_rep03_np8_omp1,medium,03,8,1,2.87,8,PW_Basis_Sup,gathers_alltoallv,49,0.023818000000000002,0.01423,0.026835,0.009588000000000003,0.012605000000000002,0.00048608163265306126,0.0005476530612244898
nacl_medium_rep03_np8_omp1,medium,03,8,1,2.87,8,PW_Basis_Sup,gathers_clear,49,0.004310125,0.004211,0.004395,9.912499999999939e-05,0.00018399999999999927,8.796173469387755e-05,8.96938775510204e-05
nacl_medium_rep03_np8_omp1,medium,03,8,1,2.87,8,PW_Basis_Sup,gathers_pack,49,0.0015688749999999997,0.001394,0.001729,0.00017487499999999968,0.000335,3.201785714285714e-05,3.528571428571429e-05
nacl_medium_rep03_np8_omp1,medium,03,8,1,2.87,8,PW_Basis_Sup,gathers_scatterp,49,0.030832374999999995,0.021346,0.033655,0.009486374999999995,0.012308999999999997,0.0006292321428571428,0.0006868367346938775
nacl_medium_rep03_np8_omp1,medium,03,8,1,2.87,8,PW_Basis_Sup,gathers_unpack,49,0.001089375,0.001077,0.001098,1.2375000000000016e-05,2.099999999999997e-05,2.223214285714286e-05,2.2408163265306124e-05
nacl_medium_rep03_np4_omp2,medium,03,4,2,3.54,4,PW_Basis_K,gatherp_alltoallv,873,0.021794,0.012697,0.032509,0.009097000000000001,0.019812000000000003,2.4964490263459336e-05,3.7238258877434136e-05
nacl_medium_rep03_np4_omp2,medium,03,4,2,3.54,4,PW_Basis_K,gatherp_pack,873,0.0032475,0.003091,0.003455,0.00015649999999999996,0.0003640000000000002,3.7199312714776633e-06,3.957617411225659e-06
nacl_medium_rep03_np4_omp2,medium,03,4,2,3.54,4,PW_Basis_K,gatherp_scatters,873,0.029583250000000002,0.02075,0.040532,0.00883325,0.019781999999999998,3.3886884306987405e-05,4.642840778923253e-05
nacl_medium_rep03_np4_omp2,medium,03,4,2,3.54,4,PW_Basis_K,gatherp_unpack,873,0.00385325,0.003802,0.003999,5.125000000000008e-05,0.00019700000000000013,4.413802978235968e-06,4.580756013745705e-06
nacl_medium_rep03_np4_omp2,medium,03,4,2,3.54,4,PW_Basis_K,gathers_alltoallv,1017,0.027023,0.014395,0.032024,0.012627999999999999,0.017629,2.657128810226155e-05,3.148869223205506e-05
nacl_medium_rep03_np4_omp2,medium,03,4,2,3.54,4,PW_Basis_K,gathers_clear,1017,0.0050395,0.004533,0.005441,0.0005065,0.000908,4.955260570304818e-06,5.350049164208456e-06
nacl_medium_rep03_np4_omp2,medium,03,4,2,3.54,4,PW_Basis_K,gathers_pack,1017,0.00392375,0.003813,0.004032,0.00011075000000000017,0.000219,3.858161258603737e-06,3.964601769911504e-06
nacl_medium_rep03_np4_omp2,medium,03,4,2,3.54,4,PW_Basis_K,gathers_scatterp,1017,0.04082475,0.028931,0.045398,0.011893750000000002,0.016467000000000002,4.014233038348082e-05,4.463913470993117e-05
nacl_medium_rep03_np4_omp2,medium,03,4,2,3.54,4,PW_Basis_K,gathers_unpack,1017,0.004019,0.003584,0.004452,0.00043500000000000006,0.0008680000000000003,3.951819075712881e-06,4.377581120943953e-06
nacl_medium_rep03_np4_omp2,medium,03,4,2,3.54,4,PW_Basis_Sup,gatherp_alltoallv,65,0.03414425,0.024172,0.03835,0.009972250000000002,0.014178000000000003,0.0005252961538461539,0.00059
nacl_medium_rep03_np4_omp2,medium,03,4,2,3.54,4,PW_Basis_Sup,gatherp_pack,65,0.006957499999999999,0.006679,0.007357,0.00027849999999999923,0.0006779999999999998,0.00010703846153846153,0.00011318461538461538
nacl_medium_rep03_np4_omp2,medium,03,4,2,3.54,4,PW_Basis_Sup,gatherp_scatters,65,0.054707000000000006,0.046059,0.058334,0.008648000000000003,0.012274999999999994,0.000841646153846154,0.0008974461538461538
nacl_medium_rep03_np4_omp2,medium,03,4,2,3.54,4,PW_Basis_Sup,gatherp_unpack,65,0.013544,0.012797,0.014472,0.0007470000000000011,0.0016750000000000011,0.0002083692307692308,0.00022264615384615384
nacl_medium_rep03_np4_omp2,medium,03,4,2,3.54,4,PW_Basis_Sup,gathers_alltoallv,49,0.023147499999999998,0.017397,0.026103,0.005750499999999999,0.008706000000000002,0.0004723979591836734,0.0005327142857142858
nacl_medium_rep03_np4_omp2,medium,03,4,2,3.54,4,PW_Basis_Sup,gathers_clear,49,0.00563525,0.005363,0.006012,0.0002722499999999999,0.0006490000000000003,0.00011500510204081632,0.0001226938775510204
nacl_medium_rep03_np4_omp2,medium,03,4,2,3.54,4,PW_Basis_Sup,gathers_pack,49,0.0057815,0.005499,0.006045,0.00028249999999999977,0.0005459999999999996,0.00011798979591836734,0.00012336734693877552
nacl_medium_rep03_np4_omp2,medium,03,4,2,3.54,4,PW_Basis_Sup,gathers_scatterp,49,0.042578,0.037886,0.044654,0.004691999999999995,0.006767999999999996,0.000868938775510204,0.0009113061224489795
nacl_medium_rep03_np4_omp2,medium,03,4,2,3.54,4,PW_Basis_Sup,gathers_unpack,49,0.0079555,0.007596,0.008385,0.00035950000000000044,0.0007889999999999998,0.00016235714285714288,0.00017112244897959185
nacl_medium_rep03_np8_omp2,medium,03,8,2,2.85,8,PW_Basis_K,gatherp_alltoallv,873,0.031786125,0.020037,0.0347,0.011749125,0.014663000000000002,3.6410223367697594e-05,3.974799541809851e-05
nacl_medium_rep03_np8_omp2,medium,03,8,2,2.85,8,PW_Basis_K,gatherp_pack,873,0.002517625,0.002371,0.002955,0.00014662500000000005,0.0005840000000000003,2.883877434135166e-06,3.3848797250859108e-06
nacl_medium_rep03_np8_omp2,medium,03,8,2,2.85,8,PW_Basis_K,gatherp_scatters,873,0.037508124999999996,0.026479,0.040467,0.011029124999999997,0.013988000000000004,4.2964633447880864e-05,4.635395189003437e-05
nacl_medium_rep03_np8_omp2,medium,03,8,2,2.85,8,PW_Basis_K,gatherp_unpack,873,0.00252,0.002273,0.002746,0.00024700000000000026,0.00047300000000000033,2.88659793814433e-06,3.145475372279496e-06
nacl_medium_rep03_np8_omp2,medium,03,8,2,2.85,8,PW_Basis_K,gathers_alltoallv,1017,0.022906625000000003,0.021488,0.023717,0.0014186250000000032,0.0022289999999999983,2.252372173058014e-05,2.332055063913471e-05
nacl_medium_rep03_np8_omp2,medium,03,8,2,2.85,8,PW_Basis_K,gathers_clear,1017,0.0036251250000000003,0.003341,0.004495,0.0002841250000000005,0.001154,3.5645280235988206e-06,4.419862340216322e-06
nacl_medium_rep03_np8_omp2,medium,03,8,2,2.85,8,PW_Basis_K,gathers_pack,1017,0.0029803750000000004,0.002868,0.003134,0.0001123750000000005,0.0002660000000000002,2.930555555555556e-06,3.0816125860373647e-06
nacl_medium_rep03_np8_omp2,medium,03,8,2,2.85,8,PW_Basis_K,gathers_scatterp,1017,0.033399000000000005,0.032849,0.03385,0.0005500000000000019,0.001000999999999995,3.2840707964601776e-05,3.328416912487709e-05
nacl_medium_rep03_np8_omp2,medium,03,8,2,2.85,8,PW_Basis_K,gathers_unpack,1017,0.00307225,0.002809,0.003608,0.00026325000000000003,0.0007990000000000002,3.0208947885939034e-06,3.5476892822025567e-06
nacl_medium_rep03_np8_omp2,medium,03,8,2,2.85,8,PW_Basis_Sup,gatherp_alltoallv,65,0.027950750000000003,0.0254,0.030682,0.0025507500000000044,0.005282000000000002,0.0004300115384615385,0.00047203076923076927
nacl_medium_rep03_np8_omp2,medium,03,8,2,2.85,8,PW_Basis_Sup,gatherp_pack,65,0.004163,0.003987,0.004431,0.00017599999999999994,0.00044399999999999995,6.404615384615385e-05,6.816923076923077e-05
nacl_medium_rep03_np8_omp2,medium,03,8,2,2.85,8,PW_Basis_Sup,gatherp_scatters,65,0.039809375,0.037259,0.042451,0.0025503750000000006,0.005192000000000002,0.0006124519230769231,0.0006530923076923077
nacl_medium_rep03_np8_omp2,medium,03,8,2,2.85,8,PW_Basis_Sup,gatherp_unpack,65,0.007642374999999999,0.007336,0.007757,0.00030637499999999936,0.00042100000000000037,0.00011757499999999998,0.00011933846153846154
nacl_medium_rep03_np8_omp2,medium,03,8,2,2.85,8,PW_Basis_Sup,gathers_alltoallv,49,0.03041375,0.022386,0.041358,0.00802775,0.018972,0.0006206887755102041,0.0008440408163265306
nacl_medium_rep03_np8_omp2,medium,03,8,2,2.85,8,PW_Basis_Sup,gathers_clear,49,0.004141499999999999,0.003889,0.004344,0.00025249999999999925,0.0004549999999999997,8.45204081632653e-05,8.865306122448979e-05
nacl_medium_rep03_np8_omp2,medium,03,8,2,2.85,8,PW_Basis_Sup,gathers_pack,49,0.0030992499999999996,0.002971,0.003306,0.00012824999999999946,0.0003349999999999998,6.324999999999999e-05,6.746938775510203e-05
nacl_medium_rep03_np8_omp2,medium,03,8,2,2.85,8,PW_Basis_Sup,gathers_scatterp,49,0.041187875,0.033616,0.051927,0.007571874999999999,0.018311,0.0008405688775510204,0.001059734693877551
nacl_medium_rep03_np8_omp2,medium,03,8,2,2.85,8,PW_Basis_Sup,gathers_unpack,49,0.00348075,0.003362,0.003686,0.00011874999999999993,0.00032400000000000007,7.103571428571429e-05,7.522448979591837e-05
nacl_large_rep01_np1_omp1,large,01,1,1,23.65,1,PW_Basis_K,gatherp_scatters,869,0.004573,0.004573,0.004573,0.0,0.0,5.262370540851554e-06,5.262370540851554e-06
nacl_large_rep01_np1_omp1,large,01,1,1,23.65,1,PW_Basis_K,gathers_scatterp,1013,0.012446,0.012446,0.012446,0.0,0.0,1.2286278381046397e-05,1.2286278381046397e-05
nacl_large_rep01_np1_omp1,large,01,1,1,23.65,1,PW_Basis_Sup,gatherp_scatters,65,0.092686,0.092686,0.092686,0.0,0.0,0.0014259384615384616,0.0014259384615384616
nacl_large_rep01_np1_omp1,large,01,1,1,23.65,1,PW_Basis_Sup,gathers_scatterp,49,0.132378,0.132378,0.132378,0.0,0.0,0.002701591836734694,0.002701591836734694
nacl_large_rep01_np2_omp1,large,01,2,1,13.16,2,PW_Basis_K,gatherp_alltoallv,869,0.0086675,0.007195,0.01014,0.0014724999999999999,0.0029449999999999997,9.974108170310702e-06,1.1668584579976984e-05
nacl_large_rep01_np2_omp1,large,01,2,1,13.16,2,PW_Basis_K,gatherp_pack,869,0.0021780000000000002,0.002162,0.002194,1.600000000000039e-05,3.2000000000000344e-05,2.5063291139240508e-06,2.5247410817031072e-06
nacl_large_rep01_np2_omp1,large,01,2,1,13.16,2,PW_Basis_K,gatherp_scatters,869,0.014742000000000002,0.013362,0.016122,0.001380000000000001,0.0027600000000000003,1.696432681242808e-05,1.8552359033371692e-05
nacl_large_rep01_np2_omp1,large,01,2,1,13.16,2,PW_Basis_K,gatherp_unpack,869,0.003352,0.003248,0.003456,0.00010399999999999993,0.00020799999999999985,3.857307249712313e-06,3.9769850402761795e-06
nacl_large_rep01_np2_omp1,large,01,2,1,13.16,2,PW_Basis_K,gathers_alltoallv,1013,0.005888,0.005675,0.006101,0.00021299999999999965,0.0004259999999999993,5.8124383020730505e-06,6.022704837117473e-06
nacl_large_rep01_np2_omp1,large,01,2,1,13.16,2,PW_Basis_K,gathers_clear,1013,0.0068515,0.006795,0.006908,5.6500000000000127e-05,0.00011300000000000025,6.763573543928924e-06,6.819348469891412e-06
nacl_large_rep01_np2_omp1,large,01,2,1,13.16,2,PW_Basis_K,gathers_pack,1013,0.0024525,0.002436,0.002469,1.650000000000002e-05,3.300000000000004e-05,2.4210266535044422e-06,2.4373149062191507e-06
nacl_large_rep01_np2_omp1,large,01,2,1,13.16,2,PW_Basis_K,gathers_scatterp,1013,0.018146000000000002,0.018006,0.018286,0.00014000000000000123,0.000279999999999999,1.791312931885489e-05,1.8051332675222114e-05
nacl_large_rep01_np2_omp1,large,01,2,1,13.16,2,PW_Basis_K,gathers_unpack,1013,0.0022494999999999998,0.002249,0.00225,4.999999999996327e-07,9.99999999999699e-07,2.220631786771964e-06,2.2211253701875616e-06
nacl_large_rep01_np2_omp1,large,01,2,1,13.16,2,PW_Basis_Sup,gatherp_alltoallv,65,0.088759,0.052545,0.124973,0.036214,0.07242799999999999,0.001365523076923077,0.0019226615384615384
nacl_large_rep01_np2_omp1,large,01,2,1,13.16,2,PW_Basis_Sup,gatherp_pack,65,0.048862,0.04701,0.050714,0.0018519999999999995,0.003703999999999999,0.000751723076923077,0.0007802153846153847
nacl_large_rep01_np2_omp1,large,01,2,1,13.16,2,PW_Basis_Sup,gatherp_scatters,65,0.1887385,0.151181,0.226296,0.037557499999999994,0.07511499999999999,0.0029036692307692308,0.003481476923076923
nacl_large_rep01_np2_omp1,large,01,2,1,13.16,2,PW_Basis_Sup,gatherp_unpack,65,0.050962999999999994,0.047782,0.054144,0.0031809999999999963,0.006362,0.0007840461538461537,0.0008329846153846154
nacl_large_rep01_np2_omp1,large,01,2,1,13.16,2,PW_Basis_Sup,gathers_alltoallv,49,0.0411305,0.0411,0.041161,3.0500000000002747e-05,6.1000000000005494e-05,0.0008393979591836734,0.0008400204081632654
nacl_large_rep01_np2_omp1,large,01,2,1,13.16,2,PW_Basis_Sup,gathers_clear,49,0.028317000000000002,0.027947,0.028687,0.00037000000000000227,0.0007400000000000011,0.0005778979591836735,0.0005854489795918367
nacl_large_rep01_np2_omp1,large,01,2,1,13.16,2,PW_Basis_Sup,gathers_pack,49,0.037023,0.036906,0.03714,0.00011699999999999905,0.0002339999999999981,0.0007555714285714286,0.0007579591836734693
nacl_large_rep01_np2_omp1,large,01,2,1,13.16,2,PW_Basis_Sup,gathers_scatterp,49,0.1390085,0.138471,0.139546,0.0005374999999999963,0.0010749999999999926,0.002836908163265306,0.002847877551020408
nacl_large_rep01_np2_omp1,large,01,2,1,13.16,2,PW_Basis_Sup,gathers_unpack,49,0.032359,0.032266,0.032452,9.299999999999586e-05,0.00018599999999999867,0.0006603877551020408,0.0006622857142857143
nacl_large_rep01_np4_omp1,large,01,4,1,7.85,4,PW_Basis_K,gatherp_alltoallv,869,0.0423535,0.027759,0.056333,0.014594500000000003,0.028574000000000002,4.8738204833141544e-05,6.482508630609896e-05
nacl_large_rep01_np4_omp1,large,01,4,1,7.85,4,PW_Basis_K,gatherp_pack,869,0.0012715,0.00118,0.001358,9.15e-05,0.000178,1.4631760644418874e-06,1.562715765247411e-06
nacl_large_rep01_np4_omp1,large,01,4,1,7.85,4,PW_Basis_K,gatherp_scatters,869,0.053812,0.039865,0.067494,0.013947000000000001,0.027629,6.19240506329114e-05,7.766858457997698e-05
nacl_large_rep01_np4_omp1,large,01,4,1,7.85,4,PW_Basis_K,gatherp_unpack,869,0.00965375,0.009185,0.010228,0.0004687499999999987,0.0010429999999999988,1.1109033371691598e-05,1.1769850402761794e-05
nacl_large_rep01_np4_omp1,large,01,4,1,7.85,4,PW_Basis_K,gathers_alltoallv,1013,0.0310475,0.029548,0.032217,0.0014994999999999974,0.0026690000000000012,3.064906219151036e-05,3.1803553800592306e-05
nacl_large_rep01_np4_omp1,large,01,4,1,7.85,4,PW_Basis_K,gathers_clear,1013,0.00645225,0.005944,0.006658,0.00050825,0.0007140000000000002,6.369447186574531e-06,6.572556762092793e-06
nacl_large_rep01_np4_omp1,large,01,4,1,7.85,4,PW_Basis_K,gathers_pack,1013,0.00141975,0.001416,0.001422,3.750000000000064e-06,6.000000000000146e-06,1.4015301085883514e-06,1.4037512339585391e-06
nacl_large_rep01_np4_omp1,large,01,4,1,7.85,4,PW_Basis_K,gathers_scatterp,1013,0.0410545,0.039767,0.042104,0.001287500000000004,0.0023370000000000057,4.0527640671273445e-05,4.156367226061205e-05
nacl_large_rep01_np4_omp1,large,01,4,1,7.85,4,PW_Basis_K,gathers_unpack,1013,0.0014345,0.001355,0.001512,7.949999999999993e-05,0.00015700000000000002,1.41609081934847e-06,1.4925962487660416e-06
nacl_large_rep01_np4_omp1,large,01,4,1,7.85,4,PW_Basis_Sup,gatherp_alltoallv,65,0.0845795,0.077584,0.098621,0.006995500000000002,0.021037,0.0013012230769230769,0.0015172461538461538
nacl_large_rep01_np4_omp1,large,01,4,1,7.85,4,PW_Basis_Sup,gatherp_pack,65,0.018275499999999997,0.018187,0.018361,8.84999999999983e-05,0.00017400000000000054,0.0002811615384615384,0.00028247692307692304
nacl_large_rep01_np4_omp1,large,01,4,1,7.85,4,PW_Basis_Sup,gatherp_scatters,65,0.1488065,0.142485,0.161247,0.006321500000000008,0.018762,0.0022893307692307694,0.002480723076923077
nacl_large_rep01_np4_omp1,large,01,4,1,7.85,4,PW_Basis_Sup,gatherp_unpack,65,0.0458695,0.04435,0.047271,0.0015195,0.002921,0.0007056846153846154,0.0007272461538461539
nacl_large_rep01_np4_omp1,large,01,4,1,7.85,4,PW_Basis_Sup,gathers_alltoallv,49,0.06348275,0.059687,0.073811,0.0037957500000000075,0.014124000000000005,0.0012955663265306124,0.0015063469387755102
nacl_large_rep01_np4_omp1,large,01,4,1,7.85,4,PW_Basis_Sup,gathers_clear,49,0.018328,0.017774,0.0188,0.0005539999999999989,0.0010259999999999991,0.00037404081632653064,0.00038367346938775513
nacl_large_rep01_np4_omp1,large,01,4,1,7.85,4,PW_Basis_Sup,gathers_pack,49,0.0136545,0.013301,0.014319,0.00035349999999999965,0.0010179999999999998,0.00027866326530612246,0.0002922244897959184
nacl_large_rep01_np4_omp1,large,01,4,1,7.85,4,PW_Basis_Sup,gathers_scatterp,49,0.10222225,0.097925,0.111917,0.0042972500000000025,0.013992000000000004,0.0020861683673469387,0.0022840204081632652
nacl_large_rep01_np4_omp1,large,01,4,1,7.85,4,PW_Basis_Sup,gathers_unpack,49,0.0066845,0.00656,0.006793,0.00012450000000000048,0.00023300000000000057,0.00013641836734693878,0.0001386326530612245
nacl_large_rep01_np8_omp1,large,01,8,1,4.94,8,PW_Basis_K,gatherp_alltoallv,869,0.03027475,0.021708,0.052186,0.008566749999999998,0.030478,3.4838607594936706e-05,6.005293440736479e-05
nacl_large_rep01_np8_omp1,large,01,8,1,4.94,8,PW_Basis_K,gatherp_pack,869,0.00081725,0.000719,0.000871,9.825000000000003e-05,0.000152,9.404487917146146e-07,1.0023014959723821e-06
nacl_large_rep01_np8_omp1,large,01,8,1,4.94,8,PW_Basis_K,gatherp_scatters,869,0.032524625,0.023952,0.054291,0.008572625,0.030338999999999998,3.742764672036824e-05,6.247525891829689e-05
nacl_large_rep01_np8_omp1,large,01,8,1,4.94,8,PW_Basis_K,gatherp_unpack,869,0.000902875,0.000875,0.000943,2.7875000000000013e-05,6.800000000000003e-05,1.038981588032221e-06,1.0851553509781359e-06
nacl_large_rep01_np8_omp1,large,01,8,1,4.94,8,PW_Basis_K,gathers_alltoallv,1013,0.02231375,0.021495,0.023999,0.00081875,0.0025039999999999993,2.2027393879565646e-05,2.369101678183613e-05
nacl_large_rep01_np8_omp1,large,01,8,1,4.94,8,PW_Basis_K,gathers_clear,1013,0.0011436250000000001,0.001012,0.001203,0.00013162500000000001,0.00019099999999999998,1.128948667324778e-06,1.1875616979269498e-06
nacl_large_rep01_np8_omp1,large,01,8,1,4.94,8,PW_Basis_K,gathers_pack,1013,0.001052875,0.001017,0.0011,3.58750000000001e-05,8.300000000000017e-05,1.0393632773938795e-06,1.085883514313919e-06
nacl_large_rep01_np8_omp1,large,01,8,1,4.94,8,PW_Basis_K,gathers_scatterp,1013,0.026139500000000003,0.025443,0.027593,0.0006965000000000027,0.002149999999999999,2.58040473840079e-05,2.723889437314906e-05
nacl_large_rep01_np8_omp1,large,01,8,1,4.94,8,PW_Basis_K,gathers_unpack,1013,0.00093725,0.000863,0.000984,7.424999999999999e-05,0.00012100000000000001,9.252221125370188e-07,9.713721618953605e-07
nacl_large_rep01_np8_omp1,large,01,8,1,4.94,8,PW_Basis_Sup,gatherp_alltoallv,65,0.050395,0.043403,0.055567,0.006992000000000005,0.012164000000000001,0.0007753076923076923,0.000854876923076923
nacl_large_rep01_np8_omp1,large,01,8,1,4.94,8,PW_Basis_Sup,gatherp_pack,65,0.0056784999999999995,0.00552,0.006025,0.0001584999999999998,0.0005050000000000002,8.736153846153845e-05,9.26923076923077e-05
nacl_large_rep01_np8_omp1,large,01,8,1,4.94,8,PW_Basis_Sup,gatherp_scatters,65,0.08815862499999999,0.081869,0.093564,0.006289624999999993,0.011694999999999997,0.0013562865384615383,0.0014394461538461537
nacl_large_rep01_np8_omp1,large,01,8,1,4.94,8,PW_Basis_Sup,gatherp_unpack,65,0.032028,0.031294,0.03307,0.0007339999999999985,0.0017759999999999998,0.0004927384615384616,0.0005087692307692308
nacl_large_rep01_np8_omp1,large,01,8,1,4.94,8,PW_Basis_Sup,gathers_alltoallv,49,0.0409245,0.034204,0.04835,0.006720500000000004,0.014145999999999999,0.0008351938775510205,0.0009867346938775509
nacl_large_rep01_np8_omp1,large,01,8,1,4.94,8,PW_Basis_Sup,gathers_clear,49,0.0098055,0.009522,0.010154,0.00028350000000000077,0.0006320000000000006,0.00020011224489795918,0.00020722448979591836
nacl_large_rep01_np8_omp1,large,01,8,1,4.94,8,PW_Basis_Sup,gathers_pack,49,0.004706625000000001,0.00453,0.004888,0.00017662500000000057,0.0003579999999999998,9.605357142857145e-05,9.975510204081633e-05
nacl_large_rep01_np8_omp1,large,01,8,1,4.94,8,PW_Basis_Sup,gathers_scatterp,49,0.0583465,0.051591,0.06567,0.0067555000000000046,0.014079000000000008,0.0011907448979591837,0.0013402040816326531
nacl_large_rep01_np8_omp1,large,01,8,1,4.94,8,PW_Basis_Sup,gathers_unpack,49,0.002853,0.002821,0.002892,3.199999999999991e-05,7.099999999999988e-05,5.8224489795918366e-05,5.9020408163265306e-05
nacl_large_rep01_np4_omp2,large,01,4,2,7.04,4,PW_Basis_K,gatherp_alltoallv,869,0.0336365,0.027813,0.039133,0.005823499999999999,0.01132,3.870713463751438e-05,4.503222094361335e-05
nacl_large_rep01_np4_omp2,large,01,4,2,7.04,4,PW_Basis_K,gatherp_pack,869,0.00409625,0.003934,0.004348,0.00016225000000000007,0.0004140000000000003,4.713751438434983e-06,5.003452243958574e-06
nacl_large_rep01_np4_omp2,large,01,4,2,7.04,4,PW_Basis_K,gatherp_scatters,869,0.04530825,0.03962,0.050432,0.005688249999999999,0.010811999999999995,5.213837744533947e-05,5.803452243958573e-05
nacl_large_rep01_np4_omp2,large,01,4,2,7.04,4,PW_Basis_K,gatherp_unpack,869,0.006912000000000001,0.006739,0.007102,0.0001730000000000004,0.0003629999999999996,7.953970080552359e-06,8.172612197928653e-06
nacl_large_rep01_np4_omp2,large,01,4,2,7.04,4,PW_Basis_K,gathers_alltoallv,1013,0.02972425,0.028839,0.030603,0.0008852500000000006,0.0017640000000000017,2.9342793682132282e-05,3.0210266535044426e-05
nacl_large_rep01_np4_omp2,large,01,4,2,7.04,4,PW_Basis_K,gathers_clear,1013,0.00903425,0.008421,0.009667,0.000613250000000001,0.0012460000000000006,8.918311944718657e-06,9.54294175715696e-06
nacl_large_rep01_np4_omp2,large,01,4,2,7.04,4,PW_Basis_K,gathers_pack,1013,0.00451075,0.004385,0.004627,0.00012575,0.00024200000000000003,4.452862783810464e-06,4.567620927936821e-06
nacl_large_rep01_np4_omp2,large,01,4,2,7.04,4,PW_Basis_K,gathers_scatterp,1013,0.049689250000000004,0.04877,0.051187,0.0009192500000000034,0.0024170000000000025,4.905157946692991e-05,5.053010858835144e-05
nacl_large_rep01_np4_omp2,large,01,4,2,7.04,4,PW_Basis_K,gathers_unpack,1013,0.005404000000000001,0.005237,0.005639,0.00016700000000000048,0.0004019999999999996,5.334649555774927e-06,5.566633761105627e-06
nacl_large_rep01_np4_omp2,large,01,4,2,7.04,4,PW_Basis_Sup,gatherp_alltoallv,65,0.0806815,0.07539,0.08754,0.0052915000000000045,0.012150000000000008,0.001241253846153846,0.0013467692307692308
nacl_large_rep01_np4_omp2,large,01,4,2,7.04,4,PW_Basis_Sup,gatherp_pack,65,0.017609749999999997,0.017396,0.017718,0.00021374999999999866,0.00032200000000000284,0.0002709192307692307,0.0002725846153846154
nacl_large_rep01_np4_omp2,large,01,4,2,7.04,4,PW_Basis_Sup,gatherp_scatters,65,0.12998400000000002,0.124035,0.137721,0.00594900000000001,0.013686000000000004,0.0019997538461538466,0.0021187846153846155
nacl_large_rep01_np4_omp2,large,01,4,2,7.04,4,PW_Basis_Sup,gatherp_unpack,65,0.03161875,0.031176,0.032404,0.00044275000000000217,0.0012280000000000034,0.0004864423076923077,0.0004985230769230769
nacl_large_rep01_np4_omp2,large,01,4,2,7.04,4,PW_Basis_Sup,gathers_alltoallv,49,0.06877825000000001,0.061445,0.078139,0.007333250000000013,0.016694,0.0014036377551020411,0.001594673469387755
nacl_large_rep01_np4_omp2,large,01,4,2,7.04,4,PW_Basis_Sup,gathers_clear,49,0.0125635,0.01201,0.013606,0.0005535000000000002,0.0015960000000000002,0.00025639795918367347,0.0002776734693877551
nacl_large_rep01_np4_omp2,large,01,4,2,7.04,4,PW_Basis_Sup,gathers_pack,49,0.015255000000000001,0.01488,0.015687,0.00037500000000000033,0.0008069999999999987,0.0003113265306122449,0.0003201428571428571
nacl_large_rep01_np4_omp2,large,01,4,2,7.04,4,PW_Basis_Sup,gathers_scatterp,49,0.11666349999999999,0.109357,0.125788,0.0073064999999999936,0.016431000000000015,0.0023808877551020407,0.002567102040816327
nacl_large_rep01_np4_omp2,large,01,4,2,7.04,4,PW_Basis_Sup,gathers_unpack,49,0.019956250000000002,0.019361,0.020947,0.000595250000000002,0.0015860000000000006,0.00040727040816326533,0.00042748979591836737
nacl_large_rep01_np8_omp2,large,01,8,2,4.67,8,PW_Basis_K,gatherp_alltoallv,869,0.031936374999999996,0.026819,0.041386,0.005117374999999997,0.014567,3.675071921749137e-05,4.762485615650172e-05
nacl_large_rep01_np8_omp2,large,01,8,2,4.67,8,PW_Basis_K,gatherp_pack,869,0.002895,0.002583,0.003223,0.0003120000000000002,0.0006400000000000004,3.331415420023015e-06,3.708860759493671e-06
nacl_large_rep01_np8_omp2,large,01,8,2,4.67,8,PW_Basis_K,gatherp_scatters,869,0.038640625000000005,0.033567,0.047827,0.005073625000000005,0.014260000000000002,4.446562140391255e-05,5.503682393555811e-05
nacl_large_rep01_np8_omp2,large,01,8,2,4.67,8,PW_Basis_K,gatherp_unpack,869,0.003081875,0.00292,0.003362,0.00016187500000000013,0.0004420000000000001,3.5464614499424627e-06,3.868814729574224e-06
nacl_large_rep01_np8_omp2,large,01,8,2,4.67,8,PW_Basis_K,gathers_alltoallv,1013,0.025189625,0.023823,0.026103,0.0013666249999999998,0.0022800000000000008,2.486636229022705e-05,2.57680157946693e-05
nacl_large_rep01_np8_omp2,large,01,8,2,4.67,8,PW_Basis_K,gathers_clear,1013,0.004467875,0.003829,0.004749,0.0006388749999999997,0.0009199999999999998,4.410538005923001e-06,4.688055281342547e-06
nacl_large_rep01_np8_omp2,large,01,8,2,4.67,8,PW_Basis_K,gathers_pack,1013,0.0032085000000000004,0.00299,0.003421,0.00021850000000000038,0.00043099999999999996,3.1673247778874632e-06,3.377097729516288e-06
nacl_large_rep01_np8_omp2,large,01,8,2,4.67,8,PW_Basis_K,gathers_scatterp,1013,0.03701775,0.036528,0.037633,0.0004897500000000041,0.0011050000000000018,3.6542694965449165e-05,3.715004935834156e-05
nacl_large_rep01_np8_omp2,large,01,8,2,4.67,8,PW_Basis_K,gathers_unpack,1013,0.0032243750000000002,0.002922,0.003679,0.0003023750000000001,0.0007569999999999999,3.1829960513326756e-06,3.631786771964462e-06
nacl_large_rep01_np8_omp2,large,01,8,2,4.67,8,PW_Basis_Sup,gatherp_alltoallv,65,0.05565775,0.046837,0.061538,0.008820750000000002,0.014701000000000006,0.0008562730769230769,0.0009467384615384616
nacl_large_rep01_np8_omp2,large,01,8,2,4.67,8,PW_Basis_Sup,gatherp_pack,65,0.009204374999999999,0.008642,0.009536,0.0005623749999999986,0.000893999999999999,0.00014160576923076922,0.0001467076923076923
nacl_large_rep01_np8_omp2,large,01,8,2,4.67,8,PW_Basis_Sup,gatherp_scatters,65,0.08404025,0.075602,0.089555,0.008438249999999994,0.013952999999999993,0.001292926923076923,0.0013777692307692308
nacl_large_rep01_np8_omp2,large,01,8,2,4.67,8,PW_Basis_Sup,gatherp_unpack,65,0.019117125,0.018368,0.019521,0.0007491249999999998,0.0011530000000000012,0.00029410961538461536,0.0003003230769230769
nacl_large_rep01_np8_omp2,large,01,8,2,4.67,8,PW_Basis_Sup,gathers_alltoallv,49,0.05232775,0.036843,0.060226,0.015484749999999999,0.023383,0.0010679132653061225,0.0012291020408163266
nacl_large_rep01_np8_omp2,large,01,8,2,4.67,8,PW_Basis_Sup,gathers_clear,49,0.0085345,0.008168,0.008926,0.0003665000000000005,0.000758,0.0001741734693877551,0.00018216326530612245
nacl_large_rep01_np8_omp2,large,01,8,2,4.67,8,PW_Basis_Sup,gathers_pack,49,0.00746725,0.007233,0.007708,0.00023425000000000008,0.00047499999999999973,0.00015239285714285715,0.00015730612244897957
nacl_large_rep01_np8_omp2,large,01,8,2,4.67,8,PW_Basis_Sup,gathers_scatterp,49,0.07711225000000001,0.061172,0.085796,0.01594025000000001,0.024624,0.0015737193877551022,0.001750938775510204
nacl_large_rep01_np8_omp2,large,01,8,2,4.67,8,PW_Basis_Sup,gathers_unpack,49,0.008726500000000002,0.008367,0.00915,0.0003595000000000022,0.0007830000000000007,0.00017809183673469391,0.00018673469387755102
nacl_large_rep02_np1_omp1,large,02,1,1,23.53,1,PW_Basis_K,gatherp_scatters,869,0.004393,0.004393,0.004393,0.0,0.0,5.05523590333717e-06,5.05523590333717e-06
nacl_large_rep02_np1_omp1,large,02,1,1,23.53,1,PW_Basis_K,gathers_scatterp,1013,0.01248,0.01248,0.01248,0.0,0.0,1.2319842053307009e-05,1.2319842053307009e-05
nacl_large_rep02_np1_omp1,large,02,1,1,23.53,1,PW_Basis_Sup,gatherp_scatters,65,0.091673,0.091673,0.091673,0.0,0.0,0.0014103538461538462,0.0014103538461538462
nacl_large_rep02_np1_omp1,large,02,1,1,23.53,1,PW_Basis_Sup,gathers_scatterp,49,0.133415,0.133415,0.133415,0.0,0.0,0.0027227551020408166,0.0027227551020408166
nacl_large_rep02_np2_omp1,large,02,2,1,13.58,2,PW_Basis_K,gatherp_alltoallv,869,0.011512999999999999,0.006683,0.016343,0.004829999999999999,0.00966,1.324856156501726e-05,1.8806674338319907e-05
nacl_large_rep02_np2_omp1,large,02,2,1,13.58,2,PW_Basis_K,gatherp_pack,869,0.002186,0.002169,0.002203,1.7000000000000088e-05,3.4000000000000176e-05,2.515535097813579e-06,2.5350978135788264e-06
nacl_large_rep02_np2_omp1,large,02,2,1,13.58,2,PW_Basis_K,gatherp_scatters,869,0.0178385,0.012959,0.022718,0.0048795,0.009758999999999999,2.0527617951668584e-05,2.6142692750287684e-05
nacl_large_rep02_np2_omp1,large,02,2,1,13.58,2,PW_Basis_K,gatherp_unpack,869,0.0035925,0.003534,0.003651,5.850000000000039e-05,0.00011700000000000035,4.134062140391255e-06,4.201380897583429e-06
nacl_large_rep02_np2_omp1,large,02,2,1,13.58,2,PW_Basis_K,gathers_alltoallv,1013,0.006479,0.00595,0.007008,0.000529,0.001058,6.395853899308984e-06,6.918065153010859e-06
nacl_large_rep02_np2_omp1,large,02,2,1,13.58,2,PW_Basis_K,gathers_clear,1013,0.006925000000000001,0.006909,0.006941,1.600000000000039e-05,3.199999999999991e-05,6.836130306021718e-06,6.851924975320829e-06
nacl_large_rep02_np2_omp1,large,02,2,1,13.58,2,PW_Basis_K,gathers_pack,1013,0.0024785,0.00247,0.002487,8.499999999999827e-06,1.7000000000000088e-05,2.4466929911154983e-06,2.4550839091806518e-06
nacl_large_rep02_np2_omp1,large,02,2,1,13.58,2,PW_Basis_K,gathers_scatterp,1013,0.0188675,0.018351,0.019384,0.0005164999999999996,0.0010329999999999992,1.8625370187561698e-05,1.9135241855873642e-05
nacl_large_rep02_np2_omp1,large,02,2,1,13.58,2,PW_Basis_K,gathers_unpack,1013,0.002282,0.002252,0.002312,3.000000000000008e-05,5.9999999999999724e-05,2.252714708785785e-06,2.282329713721619e-06
nacl_large_rep02_np2_omp1,large,02,2,1,13.58,2,PW_Basis_Sup,gatherp_alltoallv,65,0.0883115,0.071728,0.104895,0.0165835,0.033167,0.0013586384615384616,0.001613769230769231
nacl_large_rep02_np2_omp1,large,02,2,1,13.58,2,PW_Basis_Sup,gatherp_pack,65,0.048252,0.047164,0.04934,0.0010880000000000056,0.0021760000000000043,0.0007423384615384616,0.0007590769230769231
nacl_large_rep02_np2_omp1,large,02,2,1,13.58,2,PW_Basis_Sup,gatherp_scatters,65,0.187452,0.165873,0.209031,0.021579000000000015,0.043158,0.002883876923076923,0.0032158615384615384
nacl_large_rep02_np2_omp1,large,02,2,1,13.58,2,PW_Basis_Sup,gatherp_unpack,65,0.050726,0.044645,0.056807,0.006081000000000003,0.012162000000000006,0.0007804,0.0008739538461538462
nacl_large_rep02_np2_omp1,large,02,2,1,13.58,2,PW_Basis_Sup,gathers_alltoallv,49,0.0723625,0.045579,0.099146,0.026783499999999995,0.053567,0.0014767857142857141,0.002023387755102041
nacl_large_rep02_np2_omp1,large,02,2,1,13.58,2,PW_Basis_Sup,gathers_clear,49,0.028683,0.027516,0.02985,0.0011670000000000014,0.0023340000000000027,0.0005853673469387755,0.0006091836734693878
nacl_large_rep02_np2_omp1,large,02,2,1,13.58,2,PW_Basis_Sup,gathers_pack,49,0.0370195,0.036936,0.037103,8.350000000000024e-05,0.00016700000000000048,0.0007555,0.000757204081632653
nacl_large_rep02_np2_omp1,large,02,2,1,13.58,2,PW_Basis_Sup,gathers_scatterp,49,0.1713995,0.146323,0.196476,0.0250765,0.050153,0.0034979489795918368,0.004009714285714286
nacl_large_rep02_np2_omp1,large,02,2,1,13.58,2,PW_Basis_Sup,gathers_unpack,49,0.033154,0.032524,0.033784,0.0006300000000000056,0.0012600000000000042,0.0006766122448979593,0.0006894693877551021
nacl_large_rep02_np4_omp1,large,02,4,1,7.93,4,PW_Basis_K,gatherp_alltoallv,869,0.048244999999999996,0.033907,0.062509,0.014337999999999997,0.028601999999999995,5.551783659378596e-05,7.193210586881472e-05
nacl_large_rep02_np4_omp1,large,02,4,1,7.93,4,PW_Basis_K,gatherp_pack,869,0.0013002500000000002,0.001197,0.001433,0.00010325000000000026,0.0002360000000000001,1.4962600690448795e-06,1.6490218642117376e-06
nacl_large_rep02_np4_omp1,large,02,4,1,7.93,4,PW_Basis_K,gatherp_scatters,869,0.05977625,0.045962,0.073799,0.01381425,0.027837,6.878739930955121e-05,8.49240506329114e-05
nacl_large_rep02_np4_omp1,large,02,4,1,7.93,4,PW_Basis_K,gatherp_unpack,869,0.00969225,0.009269,0.010081,0.00042325,0.0008120000000000002,1.1153337169159954e-05,1.1600690448791715e-05
nacl_large_rep02_np4_omp1,large,02,4,1,7.93,4,PW_Basis_K,gathers_alltoallv,1013,0.03040225,0.028879,0.031957,0.0015232500000000003,0.003078000000000001,3.001209279368213e-05,3.154689042448174e-05
nacl_large_rep02_np4_omp1,large,02,4,1,7.93,4,PW_Basis_K,gathers_clear,1013,0.006291499999999999,0.005922,0.006519,0.00036949999999999917,0.0005969999999999994,6.210760118460019e-06,6.435340572556762e-06
nacl_large_rep02_np4_omp1,large,02,4,1,7.93,4,PW_Basis_K,gathers_pack,1013,0.00143375,0.001419,0.001444,1.4750000000000006e-05,2.5000000000000066e-05,1.4153504442250739e-06,1.4254689042448173e-06
nacl_large_rep02_np4_omp1,large,02,4,1,7.93,4,PW_Basis_K,gathers_scatterp,1013,0.04029475,0.039075,0.041896,0.0012197499999999986,0.002821000000000004,3.977764067127344e-05,4.13583415597236e-05
nacl_large_rep02_np4_omp1,large,02,4,1,7.93,4,PW_Basis_K,gathers_unpack,1013,0.0014547499999999999,0.001369,0.001544,8.574999999999989e-05,0.00017500000000000003,1.4360809476801578e-06,1.5241855873642645e-06
nacl_large_rep02_np4_omp1,large,02,4,1,7.93,4,PW_Basis_Sup,gatherp_alltoallv,65,0.08367675000000001,0.072608,0.090219,0.011068750000000002,0.017610999999999988,0.0012873346153846154,0.0013879846153846153
nacl_large_rep02_np4_omp1,large,02,4,1,7.93,4,PW_Basis_Sup,gatherp_pack,65,0.0178145,0.017627,0.017928,0.00018750000000000017,0.0003009999999999992,0.00027406923076923076,0.0002758153846153846
nacl_large_rep02_np4_omp1,large,02,4,1,7.93,4,PW_Basis_Sup,gatherp_scatters,65,0.147347,0.136401,0.156682,0.010946000000000011,0.020280999999999993,0.002266876923076923,0.0024104923076923076
nacl_large_rep02_np4_omp1,large,02,4,1,7.93,4,PW_Basis_Sup,gatherp_unpack,65,0.045772749999999994,0.044252,0.048442,0.0015207499999999943,0.004189999999999999,0.0007041961538461537,0.0007452615384615385
nacl_large_rep02_np4_omp1,large,02,4,1,7.93,4,PW_Basis_Sup,gathers_alltoallv,49,0.06492825,0.056066,0.073889,0.008862250000000009,0.017823,0.0013250663265306124,0.001507938775510204
nacl_large_rep02_np4_omp1,large,02,4,1,7.93,4,PW_Basis_Sup,gathers_clear,49,0.017777,0.017357,0.018557,0.00042000000000000023,0.0011999999999999997,0.00036279591836734697,0.0003787142857142857
nacl_large_rep02_np4_omp1,large,02,4,1,7.93,4,PW_Basis_Sup,gathers_pack,49,0.013463250000000001,0.013177,0.014,0.0002862500000000018,0.0008230000000000008,0.0002747602040816327,0.00028571428571428574
nacl_large_rep02_np4_omp1,large,02,4,1,7.93,4,PW_Basis_Sup,gathers_scatterp,49,0.10281799999999999,0.095485,0.111244,0.007332999999999992,0.015758999999999995,0.002098326530612245,0.0022702857142857143
nacl_large_rep02_np4_omp1,large,02,4,1,7.93,4,PW_Basis_Sup,gathers_unpack,49,0.0065755,0.006493,0.006786,8.250000000000011e-05,0.0002930000000000007,0.0001341938775510204,0.00013848979591836734
nacl_large_rep02_np8_omp1,large,02,8,1,4.92,8,PW_Basis_K,gatherp_alltoallv,869,0.030748125,0.022423,0.051657,0.008325125000000003,0.029234000000000003,3.5383342922899885e-05,5.944418872266974e-05
nacl_large_rep02_np8_omp1,large,02,8,1,4.92,8,PW_Basis_K,gatherp_pack,869,0.0008148750000000001,0.000731,0.000854,8.387500000000007e-05,0.00012300000000000006,9.377157652474109e-07,9.827387802071347e-07
nacl_large_rep02_np8_omp1,large,02,8,1,4.92,8,PW_Basis_K,gatherp_scatters,869,0.032984625000000004,0.024668,0.05377,0.008316625000000005,0.029102,3.7956990794016114e-05,6.187571921749136e-05
nacl_large_rep02_np8_omp1,large,02,8,1,4.92,8,PW_Basis_K,gatherp_unpack,869,0.00090175,0.000878,0.000945,2.3750000000000008e-05,6.7e-05,1.037686996547756e-06,1.0874568469505178e-06
nacl_large_rep02_np8_omp1,large,02,8,1,4.92,8,PW_Basis_K,gathers_alltoallv,1013,0.0227655,0.022068,0.024506,0.0006975000000000002,0.002437999999999999,2.247334649555775e-05,2.4191510365251728e-05
nacl_large_rep02_np8_omp1,large,02,8,1,4.92,8,PW_Basis_K,gathers_clear,1013,0.00113325,0.000983,0.001215,0.00015025,0.000232,1.1187068114511353e-06,1.1994076999012833e-06
nacl_large_rep02_np8_omp1,large,02,8,1,4.92,8,PW_Basis_K,gathers_pack,1013,0.0010385,0.00101,0.001075,2.849999999999988e-05,6.499999999999995e-05,1.025172754195459e-06,1.0612043435340573e-06
nacl_large_rep02_np8_omp1,large,02,8,1,4.92,8,PW_Basis_K,gathers_scatterp,1013,0.026564,0.02592,0.028072,0.0006440000000000022,0.002152000000000001,2.6223099703849953e-05,2.7711747285291213e-05
nacl_large_rep02_np8_omp1,large,02,8,1,4.92,8,PW_Basis_K,gathers_unpack,1013,0.000934125,0.000904,0.000969,3.0124999999999987e-05,6.500000000000006e-05,9.221372161895359e-07,9.565646594274432e-07
nacl_large_rep02_np8_omp1,large,02,8,1,4.92,8,PW_Basis_Sup,gatherp_alltoallv,65,0.045169249999999994,0.040542,0.05211,0.0046272499999999925,0.011567999999999995,0.0006949115384615384,0.0008016923076923076
nacl_large_rep02_np8_omp1,large,02,8,1,4.92,8,PW_Basis_Sup,gatherp_pack,65,0.005686375,0.005552,0.005985,0.00013437499999999995,0.0004330000000000002,8.748269230769231e-05,9.207692307692308e-05
nacl_large_rep02_np8_omp1,large,02,8,1,4.92,8,PW_Basis_Sup,gatherp_scatters,65,0.0829415,0.079188,0.088947,0.003753500000000007,0.009759000000000004,0.001276023076923077,0.0013684153846153847
nacl_large_rep02_np8_omp1,large,02,8,1,4.92,8,PW_Basis_Sup,gatherp_unpack,65,0.03203,0.031231,0.032891,0.0007990000000000046,0.0016599999999999983,0.0004927692307692308,0.0005060153846153845
nacl_large_rep02_np8_omp1,large,02,8,1,4.92,8,PW_Basis_Sup,gathers_alltoallv,49,0.04679775,0.041876,0.054991,0.0049217500000000025,0.013115000000000002,0.0009550561224489796,0.001122265306122449
nacl_large_rep02_np8_omp1,large,02,8,1,4.92,8,PW_Basis_Sup,gathers_clear,49,0.009652250000000001,0.00933,0.009951,0.00032225000000000135,0.000621,0.00019698469387755105,0.0002030816326530612
nacl_large_rep02_np8_omp1,large,02,8,1,4.92,8,PW_Basis_Sup,gathers_pack,49,0.004676,0.00449,0.004953,0.00018599999999999953,0.00046299999999999987,9.542857142857142e-05,0.00010108163265306122
nacl_large_rep02_np8_omp1,large,02,8,1,4.92,8,PW_Basis_Sup,gathers_scatterp,49,0.06403675,0.058806,0.072056,0.005230750000000006,0.013249999999999998,0.001306872448979592,0.0014705306122448978
nacl_large_rep02_np8_omp1,large,02,8,1,4.92,8,PW_Basis_Sup,gathers_unpack,49,0.0028534999999999997,0.002813,0.002918,4.049999999999974e-05,0.00010500000000000006,5.823469387755102e-05,5.9551020408163264e-05
nacl_large_rep02_np4_omp2,large,02,4,2,7.01,4,PW_Basis_K,gatherp_alltoallv,869,0.037279,0.03404,0.043431,0.003238999999999999,0.009390999999999997,4.289873417721519e-05,4.997813578826237e-05
nacl_large_rep02_np4_omp2,large,02,4,2,7.01,4,PW_Basis_K,gatherp_pack,869,0.0040360000000000005,0.003675,0.004343,0.00036100000000000064,0.0006679999999999998,4.644418872266974e-06,4.997698504027618e-06
nacl_large_rep02_np4_omp2,large,02,4,2,7.01,4,PW_Basis_K,gatherp_scatters,869,0.04892475,0.045915,0.054536,0.0030097500000000055,0.008621000000000004,5.630005753739931e-05,6.27571921749137e-05
nacl_large_rep02_np4_omp2,large,02,4,2,7.01,4,PW_Basis_K,gatherp_unpack,869,0.0068790000000000006,0.006586,0.007244,0.0002930000000000007,0.0006579999999999997,7.915995397008056e-06,8.336018411967778e-06
nacl_large_rep02_np4_omp2,large,02,4,2,7.01,4,PW_Basis_K,gathers_alltoallv,1013,0.031409,0.030294,0.032745,0.001114999999999998,0.002451000000000002,3.100592300098716e-05,3.2324777887462985e-05
nacl_large_rep02_np4_omp2,large,02,4,2,7.01,4,PW_Basis_K,gathers_clear,1013,0.008992,0.008473,0.009382,0.0005190000000000004,0.0009090000000000001,8.876604146100691e-06,9.261599210266534e-06
nacl_large_rep02_np4_omp2,large,02,4,2,7.01,4,PW_Basis_K,gathers_pack,1013,0.0045572500000000005,0.004383,0.00475,0.0001742500000000008,0.00036700000000000014,4.498766041461008e-06,4.689042448173741e-06
nacl_large_rep02_np4_omp2,large,02,4,2,7.01,4,PW_Basis_K,gathers_scatterp,1013,0.0512495,0.050281,0.052946,0.0009685000000000041,0.0026650000000000007,5.059180651530109e-05,5.226653504442251e-05
nacl_large_rep02_np4_omp2,large,02,4,2,7.01,4,PW_Basis_K,gathers_unpack,1013,0.0053875,0.004945,0.005853,0.0004425000000000002,0.000908,5.318361303060217e-06,5.7778874629812434e-06
nacl_large_rep02_np4_omp2,large,02,4,2,7.01,4,PW_Basis_Sup,gatherp_alltoallv,65,0.0850135,0.075143,0.092126,0.009870500000000004,0.016982999999999998,0.0013079,0.001417323076923077
nacl_large_rep02_np4_omp2,large,02,4,2,7.01,4,PW_Basis_Sup,gatherp_pack,65,0.017311,0.016986,0.017675,0.0003249999999999989,0.0006889999999999986,0.0002663230769230769,0.00027192307692307694
nacl_large_rep02_np4_omp2,large,02,4,2,7.01,4,PW_Basis_Sup,gatherp_scatters,65,0.133815,0.123972,0.140048,0.00984299999999999,0.016076000000000007,0.0020586923076923074,0.0021545846153846154
nacl_large_rep02_np4_omp2,large,02,4,2,7.01,4,PW_Basis_Sup,gatherp_unpack,65,0.0314175,0.030867,0.032313,0.0005505000000000024,0.0014460000000000028,0.00048334615384615386,0.000497123076923077
nacl_large_rep02_np4_omp2,large,02,4,2,7.01,4,PW_Basis_Sup,gathers_alltoallv,49,0.06523625,0.060206,0.074425,0.005030249999999993,0.014219000000000002,0.0013313520408163265,0.0015188775510204082
nacl_large_rep02_np4_omp2,large,02,4,2,7.01,4,PW_Basis_Sup,gathers_clear,49,0.01238225,0.011729,0.013888,0.0006532499999999993,0.0021589999999999995,0.0002526989795918367,0.0002834285714285714
nacl_large_rep02_np4_omp2,large,02,4,2,7.01,4,PW_Basis_Sup,gathers_pack,49,0.01509775,0.014782,0.015317,0.00031575000000000006,0.0005350000000000008,0.0003081173469387755,0.0003125918367346939
nacl_large_rep02_np4_omp2,large,02,4,2,7.01,4,PW_Basis_Sup,gathers_scatterp,49,0.11205699999999999,0.106413,0.121505,0.005643999999999996,0.015092000000000008,0.0022868775510204078,0.0024796938775510204
nacl_large_rep02_np4_omp2,large,02,4,2,7.01,4,PW_Basis_Sup,gathers_unpack,49,0.019271249999999997,0.019034,0.019645,0.00023724999999999788,0.0006110000000000004,0.00039329081632653054,0.0004009183673469388
nacl_large_rep02_np8_omp2,large,02,8,2,4.69,8,PW_Basis_K,gatherp_alltoallv,869,0.034493875,0.027054,0.047957,0.007439874999999999,0.020902999999999998,3.9693757192174915e-05,5.518642117376294e-05
nacl_large_rep02_np8_omp2,large,02,8,2,4.69,8,PW_Basis_K,gatherp_pack,869,0.0029021249999999998,0.002584,0.00328,0.00031812499999999983,0.000696,3.3396144994246256e-06,3.774453394706559e-06
nacl_large_rep02_np8_omp2,large,02,8,2,4.69,8,PW_Basis_K,gatherp_scatters,869,0.041136500000000006,0.033737,0.054009,0.007399500000000003,0.020272,4.733774453394707e-05,6.215074798619103e-05
nacl_large_rep02_np8_omp2,large,02,8,2,4.69,8,PW_Basis_K,gatherp_unpack,869,0.0030238749999999997,0.002772,0.00328,0.0002518749999999995,0.0005079999999999998,3.479718066743383e-06,3.774453394706559e-06
nacl_large_rep02_np8_omp2,large,02,8,2,4.69,8,PW_Basis_K,gathers_alltoallv,1013,0.026368250000000003,0.024474,0.028217,0.0018942500000000036,0.003743,2.6029861796643634e-05,2.785488647581441e-05
nacl_large_rep02_np8_omp2,large,02,8,2,4.69,8,PW_Basis_K,gathers_clear,1013,0.004452625,0.003849,0.004825,0.000603625,0.0009760000000000003,4.395483711747285e-06,4.763079960513327e-06
nacl_large_rep02_np8_omp2,large,02,8,2,4.69,8,PW_Basis_K,gathers_pack,1013,0.003146,0.002949,0.003535,0.00019700000000000013,0.0005860000000000001,3.1056268509378084e-06,3.489634748272458e-06
nacl_large_rep02_np8_omp2,large,02,8,2,4.69,8,PW_Basis_K,gathers_scatterp,1013,0.038261500000000004,0.036869,0.039433,0.0013925000000000048,0.0025640000000000038,3.777048371174729e-05,3.8926949654491614e-05
nacl_large_rep02_np8_omp2,large,02,8,2,4.69,8,PW_Basis_K,gathers_unpack,1013,0.0033545,0.002836,0.003911,0.0005184999999999999,0.0010750000000000004,3.3114511352418557e-06,3.86080947680158e-06
nacl_large_rep02_np8_omp2,large,02,8,2,4.69,8,PW_Basis_Sup,gatherp_alltoallv,65,0.054070749999999994,0.045255,0.063362,0.008815749999999997,0.018107000000000005,0.0008318576923076922,0.0009748000000000001
nacl_large_rep02_np8_omp2,large,02,8,2,4.69,8,PW_Basis_Sup,gatherp_pack,65,0.0091705,0.008679,0.009844,0.0004915000000000006,0.001165000000000001,0.00014108461538461537,0.00015144615384615385
nacl_large_rep02_np8_omp2,large,02,8,2,4.69,8,PW_Basis_Sup,gatherp_scatters,65,0.082341,0.074399,0.090356,0.00794199999999999,0.015957,0.0012667846153846154,0.0013900923076923077
nacl_large_rep02_np8_omp2,large,02,8,2,4.69,8,PW_Basis_Sup,gatherp_unpack,65,0.01903775,0.018212,0.019371,0.0008257500000000001,0.0011590000000000003,0.0002928884615384615,0.0002980153846153846
nacl_large_rep02_np8_omp2,large,02,8,2,4.69,8,PW_Basis_Sup,gathers_alltoallv,49,0.057012375,0.048477,0.064739,0.008535374999999998,0.016262000000000006,0.001163517857142857,0.0013212040816326532
nacl_large_rep02_np8_omp2,large,02,8,2,4.69,8,PW_Basis_Sup,gathers_clear,49,0.008207750000000002,0.007879,0.00892,0.0003287500000000009,0.0010410000000000003,0.00016750510204081636,0.00018204081632653064
nacl_large_rep02_np8_omp2,large,02,8,2,4.69,8,PW_Basis_Sup,gathers_pack,49,0.007388875,0.006978,0.007895,0.0004108749999999998,0.0009169999999999994,0.00015079336734693876,0.00016112244897959182
nacl_large_rep02_np8_omp2,large,02,8,2,4.69,8,PW_Basis_Sup,gathers_scatterp,49,0.08126962500000001,0.07449,0.088194,0.006779625000000011,0.013703999999999994,0.0016585637755102043,0.001799877551020408
nacl_large_rep02_np8_omp2,large,02,8,2,4.69,8,PW_Basis_Sup,gathers_unpack,49,0.008601874999999998,0.008211,0.009141,0.00039087499999999886,0.0009300000000000003,0.00017554846938775507,0.00018655102040816327
nacl_large_rep03_np1_omp1,large,03,1,1,23.64,1,PW_Basis_K,gatherp_scatters,869,0.004452,0.004452,0.004452,0.0,0.0,5.12313003452244e-06,5.12313003452244e-06
nacl_large_rep03_np1_omp1,large,03,1,1,23.64,1,PW_Basis_K,gathers_scatterp,1013,0.012472,0.012472,0.012472,0.0,0.0,1.2311944718657454e-05,1.2311944718657454e-05
nacl_large_rep03_np1_omp1,large,03,1,1,23.64,1,PW_Basis_Sup,gatherp_scatters,65,0.090867,0.090867,0.090867,0.0,0.0,0.0013979538461538462,0.0013979538461538462
nacl_large_rep03_np1_omp1,large,03,1,1,23.64,1,PW_Basis_Sup,gathers_scatterp,49,0.132355,0.132355,0.132355,0.0,0.0,0.002701122448979592,0.002701122448979592
nacl_large_rep03_np2_omp1,large,03,2,1,13.4,2,PW_Basis_K,gatherp_alltoallv,869,0.008868000000000001,0.008725,0.009011,0.00014300000000000077,0.0002859999999999998,1.0204833141542004e-05,1.0369390103567319e-05
nacl_large_rep03_np2_omp1,large,03,2,1,13.4,2,PW_Basis_K,gatherp_pack,869,0.0022250000000000004,0.002207,0.002243,1.800000000000022e-05,3.600000000000001e-05,2.560414269275029e-06,2.5811277330264675e-06
nacl_large_rep03_np2_omp1,large,03,2,1,13.4,2,PW_Basis_K,gatherp_scatters,869,0.0151165,0.015016,0.015217,0.0001004999999999999,0.0002009999999999998,1.7395281933256616e-05,1.7510932105868815e-05
nacl_large_rep03_np2_omp1,large,03,2,1,13.4,2,PW_Basis_K,gatherp_unpack,869,0.0034704999999999996,0.003443,0.003498,2.7499999999999747e-05,5.499999999999993e-05,3.993670886075949e-06,4.025316455696202e-06
nacl_large_rep03_np2_omp1,large,03,2,1,13.4,2,PW_Basis_K,gathers_alltoallv,1013,0.0085265,0.008328,0.008725,0.00019849999999999902,0.0003969999999999998,8.417077986179664e-06,8.613030602171767e-06
nacl_large_rep03_np2_omp1,large,03,2,1,13.4,2,PW_Basis_K,gathers_clear,1013,0.0068965,0.006874,0.006919,2.249999999999995e-05,4.49999999999999e-05,6.807996051332675e-06,6.8302073050345505e-06
nacl_large_rep03_np2_omp1,large,03,2,1,13.4,2,PW_Basis_K,gathers_pack,1013,0.002482,0.002477,0.002487,4.999999999999796e-06,1.0000000000000026e-05,2.450148075024679e-06,2.4550839091806518e-06
nacl_large_rep03_np2_omp1,large,03,2,1,13.4,2,PW_Basis_K,gathers_scatterp,1013,0.0208775,0.020698,0.021057,0.0001794999999999991,0.0003589999999999982,2.0609575518262586e-05,2.0786771964461993e-05
nacl_large_rep03_np2_omp1,large,03,2,1,13.4,2,PW_Basis_K,gathers_unpack,1013,0.0022575,0.002255,0.00226,2.499999999999898e-06,4.999999999999796e-06,2.22852912142152e-06,2.2309970384995063e-06
nacl_large_rep03_np2_omp1,large,03,2,1,13.4,2,PW_Basis_Sup,gatherp_alltoallv,65,0.08592250000000001,0.062852,0.108993,0.023070500000000008,0.046141,0.0013218846153846156,0.0016768153846153848
nacl_large_rep03_np2_omp1,large,03,2,1,13.4,2,PW_Basis_Sup,gatherp_pack,65,0.050515500000000005,0.048554,0.052477,0.001961500000000005,0.003923000000000003,0.0007771615384615385,0.0008073384615384615
nacl_large_rep03_np2_omp1,large,03,2,1,13.4,2,PW_Basis_Sup,gatherp_scatters,65,0.186787,0.160148,0.213426,0.026638999999999996,0.05327799999999999,0.002873646153846154,0.003283476923076923
nacl_large_rep03_np2_omp1,large,03,2,1,13.4,2,PW_Basis_Sup,gatherp_unpack,65,0.0501795,0.044656,0.055703,0.005523500000000001,0.011047000000000001,0.0007719923076923077,0.0008569692307692308
nacl_large_rep03_np2_omp1,large,03,2,1,13.4,2,PW_Basis_Sup,gathers_alltoallv,49,0.061368500000000006,0.046787,0.07595,0.014581500000000004,0.029163,0.0012524183673469388,0.0015500000000000002
nacl_large_rep03_np2_omp1,large,03,2,1,13.4,2,PW_Basis_Sup,gathers_clear,49,0.0287815,0.027457,0.030106,0.0013245000000000028,0.002649000000000002,0.0005873775510204082,0.0006144081632653061
nacl_large_rep03_np2_omp1,large,03,2,1,13.4,2,PW_Basis_Sup,gathers_pack,49,0.0368435,0.036665,0.037022,0.0001784999999999981,0.0003569999999999962,0.0007519081632653061,0.0007555510204081633
nacl_large_rep03_np2_omp1,large,03,2,1,13.4,2,PW_Basis_Sup,gathers_scatterp,49,0.15961399999999998,0.147807,0.171421,0.011806999999999984,0.023613999999999996,0.003257428571428571,0.0034983877551020407
nacl_large_rep03_np2_omp1,large,03,2,1,13.4,2,PW_Basis_Sup,gathers_unpack,49,0.032459,0.031185,0.033733,0.0012740000000000008,0.002547999999999998,0.0006624285714285715,0.0006884285714285714
nacl_large_rep03_np4_omp1,large,03,4,1,7.83,4,PW_Basis_K,gatherp_alltoallv,869,0.04292225,0.027625,0.05823,0.015297250000000002,0.030604999999999997,4.939269275028769e-05,6.700805523590333e-05
nacl_large_rep03_np4_omp1,large,03,4,1,7.83,4,PW_Basis_K,gatherp_pack,869,0.001282,0.00119,0.00137,9.199999999999985e-05,0.00017999999999999982,1.4752589182968928e-06,1.576524741081703e-06
nacl_large_rep03_np4_omp1,large,03,4,1,7.83,4,PW_Basis_K,gatherp_scatters,869,0.05441975,0.039612,0.069762,0.014807750000000001,0.030150000000000003,6.2623417721519e-05,8.027848101265823e-05
nacl_large_rep03_np4_omp1,large,03,4,1,7.83,4,PW_Basis_K,gatherp_unpack,869,0.0096715,0.009413,0.010057,0.00025850000000000005,0.0006440000000000005,1.112945914844649e-05,1.157307249712313e-05
nacl_large_rep03_np4_omp1,large,03,4,1,7.83,4,PW_Basis_K,gathers_alltoallv,1013,0.0297665,0.028384,0.03113,0.0013825000000000018,0.002746000000000002,2.938450148075025e-05,3.073050345508391e-05
nacl_large_rep03_np4_omp1,large,03,4,1,7.83,4,PW_Basis_K,gathers_clear,1013,0.00645475,0.006169,0.006795,0.0002857500000000004,0.0006259999999999998,6.371915103652518e-06,6.7077986179664366e-06
nacl_large_rep03_np4_omp1,large,03,4,1,7.83,4,PW_Basis_K,gathers_pack,1013,0.00143275,0.001418,0.001449,1.4750000000000006e-05,3.0999999999999995e-05,1.4143632773938795e-06,1.4304047384007897e-06
nacl_large_rep03_np4_omp1,large,03,4,1,7.83,4,PW_Basis_K,gathers_scatterp,1013,0.0397995,0.038408,0.041102,0.0013915000000000038,0.002694000000000002,3.928874629812439e-05,4.0574531095755185e-05
nacl_large_rep03_np4_omp1,large,03,4,1,7.83,4,PW_Basis_K,gathers_unpack,1013,0.00143575,0.001347,0.001521,8.874999999999985e-05,0.0001739999999999999,1.4173247778874628e-06,1.5014807502467917e-06
nacl_large_rep03_np4_omp1,large,03,4,1,7.83,4,PW_Basis_Sup,gatherp_alltoallv,65,0.08430425,0.072576,0.098532,0.011728249999999996,0.025955999999999993,0.0012969884615384615,0.001515876923076923
nacl_large_rep03_np4_omp1,large,03,4,1,7.83,4,PW_Basis_Sup,gatherp_pack,65,0.01844075,0.018262,0.018669,0.00017874999999999835,0.0004070000000000011,0.00028370384615384616,0.00028721538461538463
nacl_large_rep03_np4_omp1,large,03,4,1,7.83,4,PW_Basis_Sup,gatherp_scatters,65,0.1488955,0.136452,0.16324,0.012443499999999996,0.026788000000000006,0.0022906999999999997,0.0025113846153846154
nacl_large_rep03_np4_omp1,large,03,4,1,7.83,4,PW_Basis_Sup,gatherp_unpack,65,0.046068500000000005,0.045522,0.047268,0.0005465000000000053,0.0017459999999999976,0.0007087461538461539,0.0007272
nacl_large_rep03_np4_omp1,large,03,4,1,7.83,4,PW_Basis_Sup,gathers_alltoallv,49,0.0597385,0.053586,0.07054,0.006152499999999998,0.016954000000000004,0.0012191530612244898,0.001439591836734694
nacl_large_rep03_np4_omp1,large,03,4,1,7.83,4,PW_Basis_Sup,gathers_clear,49,0.018234,0.01787,0.018583,0.00036399999999999974,0.0007129999999999984,0.00037212244897959185,0.00037924489795918367
nacl_large_rep03_np4_omp1,large,03,4,1,7.83,4,PW_Basis_Sup,gathers_pack,49,0.01360675,0.013232,0.014196,0.0003747500000000001,0.0009639999999999996,0.0002776887755102041,0.0002897142857142857
nacl_large_rep03_np4_omp1,large,03,4,1,7.83,4,PW_Basis_Sup,gathers_scatterp,49,0.09829125000000001,0.091984,0.108907,0.006307250000000014,0.016923000000000007,0.0020059438775510206,0.002222591836734694
nacl_large_rep03_np4_omp1,large,03,4,1,7.83,4,PW_Basis_Sup,gathers_unpack,49,0.006639999999999999,0.006437,0.006789,0.0002029999999999992,0.0003519999999999999,0.00013551020408163262,0.00013855102040816327
nacl_large_rep03_np8_omp1,large,03,8,1,4.95,8,PW_Basis_K,gatherp_alltoallv,869,0.029137499999999997,0.020983,0.051194,0.008154499999999995,0.030211000000000002,3.3529919447640966e-05,5.8911392405063296e-05
nacl_large_rep03_np8_omp1,large,03,8,1,4.95,8,PW_Basis_K,gatherp_pack,869,0.0008082499999999999,0.000728,0.000848,8.024999999999992e-05,0.00011999999999999999,9.300920598388952e-07,9.758342922899884e-07
nacl_large_rep03_np8_omp1,large,03,8,1,4.95,8,PW_Basis_K,gatherp_scatters,869,0.03134925,0.02323,0.053336,0.008119250000000001,0.030106,3.607508630609897e-05,6.137629459148447e-05
nacl_large_rep03_np8_omp1,large,03,8,1,4.95,8,PW_Basis_K,gatherp_unpack,869,0.0008871250000000001,0.000863,0.00091,2.4125000000000058e-05,4.699999999999995e-05,1.0208573072497124e-06,1.047180667433832e-06
nacl_large_rep03_np8_omp1,large,03,8,1,4.95,8,PW_Basis_K,gathers_alltoallv,1013,0.022261875,0.021534,0.02373,0.0007278749999999994,0.002196,2.1976184600197434e-05,2.342546890424482e-05
nacl_large_rep03_np8_omp1,large,03,8,1,4.95,8,PW_Basis_K,gathers_clear,1013,0.0011130000000000003,0.000986,0.001166,0.00012700000000000038,0.00018000000000000004,1.0987166831194475e-06,1.1510365251727542e-06
nacl_large_rep03_np8_omp1,large,03,8,1,4.95,8,PW_Basis_K,gathers_pack,1013,0.0010467500000000002,0.001013,0.001124,3.375000000000014e-05,0.00011099999999999999,1.0333168805528137e-06,1.1095755182625864e-06
nacl_large_rep03_np8_omp1,large,03,8,1,4.95,8,PW_Basis_K,gathers_scatterp,1013,0.026041625,0.025422,0.027386,0.0006196249999999986,0.0019640000000000005,2.5707428430404736e-05,2.7034550839091807e-05
nacl_large_rep03_np8_omp1,large,03,8,1,4.95,8,PW_Basis_K,gathers_unpack,1013,0.00093275,0.000899,0.000953,3.3750000000000034e-05,5.400000000000001e-05,9.207798617966436e-07,9.407699901283317e-07
nacl_large_rep03_np8_omp1,large,03,8,1,4.95,8,PW_Basis_Sup,gatherp_alltoallv,65,0.05349425,0.043013,0.059378,0.010481249999999998,0.016364999999999998,0.0008229884615384615,0.0009135076923076923
nacl_large_rep03_np8_omp1,large,03,8,1,4.95,8,PW_Basis_Sup,gatherp_pack,65,0.0056751250000000005,0.005505,0.00589,0.00017012500000000014,0.0003849999999999999,8.730961538461539e-05,9.061538461538462e-05
nacl_large_rep03_np8_omp1,large,03,8,1,4.95,8,PW_Basis_Sup,gatherp_scatters,65,0.090942875,0.080017,0.096396,0.010925875000000002,0.01637899999999999,0.001399121153846154,0.0014830153846153845
nacl_large_rep03_np8_omp1,large,03,8,1,4.95,8,PW_Basis_Sup,gatherp_unpack,65,0.031716125,0.030912,0.033125,0.0008041249999999993,0.002213000000000003,0.0004879403846153846,0.0005096153846153846
nacl_large_rep03_np8_omp1,large,03,8,1,4.95,8,PW_Basis_Sup,gathers_alltoallv,49,0.042234625000000005,0.033044,0.050958,0.009190625000000008,0.017914000000000006,0.0008619311224489797,0.0010399591836734695
nacl_large_rep03_np8_omp1,large,03,8,1,4.95,8,PW_Basis_Sup,gathers_clear,49,0.009589499999999999,0.009323,0.01008,0.0002664999999999994,0.0007570000000000007,0.00019570408163265305,0.00020571428571428572
nacl_large_rep03_np8_omp1,large,03,8,1,4.95,8,PW_Basis_Sup,gathers_pack,49,0.004708500000000001,0.004598,0.004992,0.00011050000000000122,0.00039400000000000025,9.60918367346939e-05,0.00010187755102040816
nacl_large_rep03_np8_omp1,large,03,8,1,4.95,8,PW_Basis_Sup,gathers_scatterp,49,0.05943575,0.050137,0.067765,0.009298750000000001,0.017628000000000005,0.0012129744897959184,0.0013829591836734695
nacl_large_rep03_np8_omp1,large,03,8,1,4.95,8,PW_Basis_Sup,gathers_unpack,49,0.00284475,0.002806,0.002875,3.8750000000000156e-05,6.900000000000005e-05,5.8056122448979593e-05,5.8673469387755104e-05
nacl_large_rep03_np4_omp2,large,03,4,2,7.07,4,PW_Basis_K,gatherp_alltoallv,869,0.0412255,0.035808,0.045072,0.005417499999999999,0.009264000000000001,4.744016110471807e-05,5.1866513233601845e-05
nacl_large_rep03_np4_omp2,large,03,4,2,7.07,4,PW_Basis_K,gatherp_pack,869,0.0036950000000000004,0.003108,0.004027,0.0005870000000000003,0.0009190000000000001,4.252013808975835e-06,4.634062140391254e-06
nacl_large_rep03_np4_omp2,large,03,4,2,7.07,4,PW_Basis_K,gatherp_scatters,869,0.052346500000000004,0.047367,0.05629,0.004979500000000005,0.008923,6.023762945914845e-05,6.477560414269274e-05
nacl_large_rep03_np4_omp2,large,03,4,2,7.07,4,PW_Basis_K,gatherp_unpack,869,0.00665175,0.006227,0.006844,0.0004247499999999998,0.0006170000000000004,7.654487917146144e-06,7.87571921749137e-06
nacl_large_rep03_np4_omp2,large,03,4,2,7.07,4,PW_Basis_K,gathers_alltoallv,1013,0.03194275,0.030053,0.036504,0.001889749999999999,0.006451000000000002,3.1532823297137213e-05,3.6035538005923005e-05
nacl_large_rep03_np4_omp2,large,03,4,2,7.07,4,PW_Basis_K,gathers_clear,1013,0.00870975,0.008007,0.009276,0.0007027500000000002,0.0012689999999999993,8.597976307996053e-06,9.156959526159921e-06
nacl_large_rep03_np4_omp2,large,03,4,2,7.07,4,PW_Basis_K,gathers_pack,1013,0.004244250000000001,0.00332,0.004608,0.0009242500000000006,0.001288,4.189782823297138e-06,4.548864758144126e-06
nacl_large_rep03_np4_omp2,large,03,4,2,7.07,4,PW_Basis_K,gathers_scatterp,1013,0.05050275,0.049219,0.052775,0.0012837500000000002,0.0035560000000000036,4.9854639684106616e-05,5.209772951628825e-05
nacl_large_rep03_np4_omp2,large,03,4,2,7.07,4,PW_Basis_K,gathers_unpack,1013,0.00480025,0.004019,0.005191,0.0007812499999999998,0.0011720000000000003,4.738647581441263e-06,5.1243830207305035e-06
nacl_large_rep03_np4_omp2,large,03,4,2,7.07,4,PW_Basis_Sup,gatherp_alltoallv,65,0.08323849999999999,0.072153,0.090365,0.011085499999999998,0.018212000000000006,0.0012805923076923075,0.0013902307692307693
nacl_large_rep03_np4_omp2,large,03,4,2,7.07,4,PW_Basis_Sup,gatherp_pack,65,0.01726825,0.016465,0.017857,0.0008032499999999984,0.0013920000000000009,0.0002656653846153846,0.00027472307692307695
nacl_large_rep03_np4_omp2,large,03,4,2,7.07,4,PW_Basis_Sup,gatherp_scatters,65,0.13170249999999997,0.122003,0.137902,0.009699499999999972,0.015898999999999996,0.0020261923076923074,0.0021215692307692308
nacl_large_rep03_np4_omp2,large,03,4,2,7.07,4,PW_Basis_Sup,gatherp_unpack,65,0.031123000000000005,0.030536,0.031924,0.0005870000000000042,0.0013880000000000003,0.0004788153846153847,0.0004911384615384615
nacl_large_rep03_np4_omp2,large,03,4,2,7.07,4,PW_Basis_Sup,gathers_alltoallv,49,0.07565025,0.061426,0.08773,0.01422425,0.026304,0.0015438826530612246,0.001790408163265306
nacl_large_rep03_np4_omp2,large,03,4,2,7.07,4,PW_Basis_Sup,gathers_clear,49,0.012440749999999999,0.011737,0.014188,0.0007037499999999995,0.002451,0.0002538928571428571,0.00028955102040816326
nacl_large_rep03_np4_omp2,large,03,4,2,7.07,4,PW_Basis_Sup,gathers_pack,49,0.01468025,0.01385,0.015294,0.0008302500000000011,0.0014440000000000008,0.0002995969387755102,0.00031212244897959186
nacl_large_rep03_np4_omp2,large,03,4,2,7.07,4,PW_Basis_Sup,gathers_scatterp,49,0.12152525,0.107389,0.133772,0.014136250000000003,0.026383000000000004,0.002480107142857143,0.0027300408163265307
nacl_large_rep03_np4_omp2,large,03,4,2,7.07,4,PW_Basis_Sup,gathers_unpack,49,0.01868475,0.016868,0.019577,0.001816749999999999,0.0027089999999999996,0.00038132142857142857,0.00039953061224489795
nacl_large_rep03_np8_omp2,large,03,8,2,4.65,8,PW_Basis_K,gatherp_alltoallv,869,0.034085250000000004,0.026429,0.044452,0.007656250000000003,0.018022999999999997,3.922353279631761e-05,5.1153049482163406e-05
nacl_large_rep03_np8_omp2,large,03,8,2,4.65,8,PW_Basis_K,gatherp_pack,869,0.0028693750000000004,0.001902,0.003334,0.0009673750000000004,0.0014320000000000001,3.3019275028768702e-06,3.836593785960875e-06
nacl_large_rep03_np8_omp2,large,03,8,2,4.65,8,PW_Basis_K,gatherp_scatters,869,0.04068125,0.033117,0.05109,0.0075642500000000015,0.017973000000000003,4.68138665132336e-05,5.879171461449943e-05
nacl_large_rep03_np8_omp2,large,03,8,2,4.65,8,PW_Basis_K,gatherp_unpack,869,0.0030512499999999997,0.002145,0.003305,0.0009062499999999995,0.00116,3.511219792865362e-06,3.803222094361335e-06
nacl_large_rep03_np8_omp2,large,03,8,2,4.65,8,PW_Basis_K,gathers_alltoallv,1013,0.0264485,0.024143,0.032429,0.0023054999999999985,0.008285999999999998,2.610908193484699e-05,3.2012833168805524e-05
nacl_large_rep03_np8_omp2,large,03,8,2,4.65,8,PW_Basis_K,gathers_clear,1013,0.0043105,0.002986,0.004838,0.0013245000000000002,0.0018520000000000003,4.2551826258637715e-06,4.775913129318855e-06
nacl_large_rep03_np8_omp2,large,03,8,2,4.65,8,PW_Basis_K,gathers_pack,1013,0.0031228749999999998,0.002277,0.003468,0.0008458749999999998,0.0011910000000000002,3.082798617966436e-06,3.4234945705824287e-06
nacl_large_rep03_np8_omp2,large,03,8,2,4.65,8,PW_Basis_K,gathers_scatterp,1013,0.0379675,0.037034,0.040629,0.0009335000000000038,0.003595000000000001,3.748025666337611e-05,4.01076011846002e-05
nacl_large_rep03_np8_omp2,large,03,8,2,4.65,8,PW_Basis_K,gathers_unpack,1013,0.003181875,0.002133,0.003793,0.001048875,0.00166,3.14104146100691e-06,3.744323790720632e-06
nacl_large_rep03_np8_omp2,large,03,8,2,4.65,8,PW_Basis_Sup,gatherp_alltoallv,65,0.05976574999999999,0.054436,0.066601,0.005329749999999994,0.012164999999999995,0.0009194730769230768,0.001024630769230769
nacl_large_rep03_np8_omp2,large,03,8,2,4.65,8,PW_Basis_Sup,gatherp_pack,65,0.009088375,0.008284,0.009643,0.0008043749999999995,0.0013590000000000008,0.00013982115384615382,0.00014835384615384615
nacl_large_rep03_np8_omp2,large,03,8,2,4.65,8,PW_Basis_Sup,gatherp_scatters,65,0.08789375,0.083411,0.094427,0.0044827500000000076,0.011015999999999998,0.0013522115384615385,0.0014527230769230768
nacl_large_rep03_np8_omp2,large,03,8,2,4.65,8,PW_Basis_Sup,gatherp_unpack,65,0.01897675,0.018388,0.019318,0.000588749999999999,0.0009299999999999968,0.00029195,0.00029719999999999996
nacl_large_rep03_np8_omp2,large,03,8,2,4.65,8,PW_Basis_Sup,gathers_alltoallv,49,0.050459124999999994,0.045214,0.055575,0.005245124999999996,0.010361000000000002,0.0010297780612244897,0.0011341836734693877
nacl_large_rep03_np8_omp2,large,03,8,2,4.65,8,PW_Basis_Sup,gathers_clear,49,0.00817975,0.007893,0.008682,0.0002867499999999988,0.0007889999999999998,0.00016693367346938776,0.00017718367346938776
nacl_large_rep03_np8_omp2,large,03,8,2,4.65,8,PW_Basis_Sup,gathers_pack,49,0.0075111250000000004,0.006581,0.007912,0.0009301250000000004,0.0013310000000000006,0.00015328826530612246,0.00016146938775510206
nacl_large_rep03_np8_omp2,large,03,8,2,4.65,8,PW_Basis_Sup,gathers_scatterp,49,0.07448112500000001,0.070404,0.080433,0.004077125000000015,0.01002900000000001,0.0015200229591836737,0.0016414897959183673
nacl_large_rep03_np8_omp2,large,03,8,2,4.65,8,PW_Basis_Sup,gathers_unpack,49,0.008271875000000001,0.007177,0.008856,0.0010948750000000012,0.001678999999999999,0.00016881377551020412,0.000180734693877551
